employee_id,assignment_type,source_row_index,destination_row_index,field,source_field,source_raw_value,source_normalized_value,expected_value,destination_raw_value,destination_normalized_value,comparison_layer,comparison_type,mapping_row,rule_id,rule_name,rule_inputs,decision_source,limitation_code,verdict,priority,confidence,explanation,requires_ai,is_investigation_item
1545850,A,1.0,,__ASSIGNMENT__,,,,,,,STRUCTURAL,SOURCE_ONLY_ASSIGNMENT,,,,"{""source_candidates"": [1], ""destination_candidates"": []}",STRUCTURAL,,ANOMALIE,CRITIQUE,1.0,"Une affectation existe dans le système A, mais aucune affectation correspondante du même type n'a été trouvée dans le système B.",False,True
1545850,P,0.0,0.0,assignmentStartDate,,,,1964-08-15,2016-04-01 00:00:00,2016-04-01,BUSINESS_RULE,RULE_DISCREPANCY,46.0,RULE_ASSIGNMENT_START,Date d'effet du poste,"{""DateEntréePoste"": ""2016-04-01"", ""DateSortiePoste"": null, ""adminUnitStart"": ""1964-08-15"", ""adminUnitEnd"": null, ""jobDetailRows"": [0], ""CodePoste"": ""35342"", ""CodeEmploi"": ""6585"", ""CodeDirection"": ""397""}",RULE,,ANOMALIE,ÉLEVÉE,1.0,RULE_ASSIGNMENT_START non conforme. Valeur attendue pour assignmentStartDate: '1964-08-15'; valeur reçue: '2016-04-01'.,False,True
1545850,P,0.0,0.0,positionName,,,,6585-Empl6585,3649-Empl3649,3649-Empl3649,BUSINESS_RULE,RULE_DISCREPANCY,15.0,RULE_POSITION_NAME,Concaténation emploi,"{""CodeEmploi"": ""6585"", ""IntituléEmploi"": ""Empl6585""}",RULE,,ANOMALIE,ÉLEVÉE,1.0,RULE_POSITION_NAME non conforme. Valeur attendue pour positionName: '6585-Empl6585'; valeur reçue: '3649-Empl3649'.,False,True
2173396,P,13.0,12.0,assignmentStartDate,,,,1997-06-24,2019-04-29 00:00:00,2019-04-29,BUSINESS_RULE,RULE_DISCREPANCY,46.0,RULE_ASSIGNMENT_START,Date d'effet du poste,"{""DateEntréePoste"": ""2019-04-29"", ""DateSortiePoste"": null, ""adminUnitStart"": ""1997-06-24"", ""adminUnitEnd"": null, ""jobDetailRows"": [67, 68, 69, 70], ""CodePoste"": ""69289"", ""CodeEmploi"": ""6900"", ""CodeDirection"": ""352""}",RULE,,ANOMALIE,ÉLEVÉE,1.0,RULE_ASSIGNMENT_START non conforme. Valeur attendue pour assignmentStartDate: '1997-06-24'; valeur reçue: '2019-04-29'.,False,True
2173396,P,13.0,12.0,positionName,,,,6900-Empl6900,5123-Empl5123,5123-Empl5123,BUSINESS_RULE,RULE_DISCREPANCY,15.0,RULE_POSITION_NAME,Concaténation emploi,"{""CodeEmploi"": ""6900"", ""IntituléEmploi"": ""Empl6900""}",RULE,,ANOMALIE,ÉLEVÉE,1.0,RULE_POSITION_NAME non conforme. Valeur attendue pour positionName: '6900-Empl6900'; valeur reçue: '5123-Empl5123'.,False,True
2648214,P,18.0,17.0,assignmentStartDate,,,,1970-02-10,2001-02-05 00:00:00,2001-02-05,BUSINESS_RULE,RULE_DISCREPANCY,46.0,RULE_ASSIGNMENT_START,Date d'effet du poste,"{""DateEntréePoste"": ""2001-02-05"", ""DateSortiePoste"": null, ""adminUnitStart"": ""1970-02-10"", ""adminUnitEnd"": null, ""jobDetailRows"": [88, 89, 90, 91, 92, 93], ""CodePoste"": ""73721"", ""CodeEmploi"": ""6972"", ""CodeDirection"": ""311""}",RULE,,ANOMALIE,ÉLEVÉE,1.0,RULE_ASSIGNMENT_START non conforme. Valeur attendue pour assignmentStartDate: '1970-02-10'; valeur reçue: '2001-02-05'.,False,True
2648214,P,18.0,17.0,positionName,,,,6972-Empl6972,5126-Empl5126,5126-Empl5126,BUSINESS_RULE,RULE_DISCREPANCY,15.0,RULE_POSITION_NAME,Concaténation emploi,"{""CodeEmploi"": ""6972"", ""IntituléEmploi"": ""Empl6972""}",RULE,,ANOMALIE,ÉLEVÉE,1.0,RULE_POSITION_NAME non conforme. Valeur attendue pour positionName: '6972-Empl6972'; valeur reçue: '5126-Empl5126'.,False,True
2747515,P,8.0,7.0,assignmentStartDate,,,,1955-07-06,2009-03-30 00:00:00,2009-03-30,BUSINESS_RULE,RULE_DISCREPANCY,46.0,RULE_ASSIGNMENT_START,Date d'effet du poste,"{""DateEntréePoste"": ""2009-03-30"", ""DateSortiePoste"": null, ""adminUnitStart"": ""1955-07-06"", ""adminUnitEnd"": null, ""jobDetailRows"": [40, 41, 42, 43, 44, 45, 46], ""CodePoste"": ""63970"", ""CodeEmploi"": ""6203"", ""CodeDirection"": ""348""}",RULE,,ANOMALIE,ÉLEVÉE,1.0,RULE_ASSIGNMENT_START non conforme. Valeur attendue pour assignmentStartDate: '1955-07-06'; valeur reçue: '2009-03-30'.,False,True
2747515,P,8.0,7.0,positionName,,,,6203-Empl6203,4367-Empl4367,4367-Empl4367,BUSINESS_RULE,RULE_DISCREPANCY,15.0,RULE_POSITION_NAME,Concaténation emploi,"{""CodeEmploi"": ""6203"", ""IntituléEmploi"": ""Empl6203""}",RULE,,ANOMALIE,ÉLEVÉE,1.0,RULE_POSITION_NAME non conforme. Valeur attendue pour positionName: '6203-Empl6203'; valeur reçue: '4367-Empl4367'.,False,True
2762457,P,6.0,5.0,assignmentStartDate,,,,1984-09-22,2009-03-30 00:00:00,2009-03-30,BUSINESS_RULE,RULE_DISCREPANCY,46.0,RULE_ASSIGNMENT_START,Date d'effet du poste,"{""DateEntréePoste"": ""2009-03-30"", ""DateSortiePoste"": null, ""adminUnitStart"": ""1984-09-22"", ""adminUnitEnd"": null, ""jobDetailRows"": [29, 30, 31, 32, 33, 34, 35], ""CodePoste"": ""30106"", ""CodeEmploi"": ""6203"", ""CodeDirection"": ""348""}",RULE,,ANOMALIE,ÉLEVÉE,1.0,RULE_ASSIGNMENT_START non conforme. Valeur attendue pour assignmentStartDate: '1984-09-22'; valeur reçue: '2009-03-30'.,False,True
2762457,P,6.0,5.0,contractTypeCode,,,,JWN,WHX,WHX,BUSINESS_RULE,RULE_DISCREPANCY,24.0,RULE_CONTRACT_TYPE,Type d'employé,"{""CatégorieEmploi"": ""V"", ""EstPermanent"": true, ""EstTempsPlein"": true}",RULE,,ANOMALIE,ÉLEVÉE,1.0,RULE_CONTRACT_TYPE non conforme. Valeur attendue pour contractTypeCode: 'JWN'; valeur reçue: 'WHX'.,False,True
2762457,P,6.0,5.0,positionName,,,,6203-Empl6203,4367-Empl4367,4367-Empl4367,BUSINESS_RULE,RULE_DISCREPANCY,15.0,RULE_POSITION_NAME,Concaténation emploi,"{""CodeEmploi"": ""6203"", ""IntituléEmploi"": ""Empl6203""}",RULE,,ANOMALIE,ÉLEVÉE,1.0,RULE_POSITION_NAME non conforme. Valeur attendue pour positionName: '6203-Empl6203'; valeur reçue: '4367-Empl4367'.,False,True
2911996,P,14.0,13.0,assignmentStartDate,,,,1988-09-02,2000-04-01 00:00:00,2000-04-01,BUSINESS_RULE,RULE_DISCREPANCY,46.0,RULE_ASSIGNMENT_START,Date d'effet du poste,"{""DateEntréePoste"": ""2000-04-01"", ""DateSortiePoste"": null, ""adminUnitStart"": ""1988-09-02"", ""adminUnitEnd"": null, ""jobDetailRows"": [71, 72, 73], ""CodePoste"": ""12548"", ""CodeEmploi"": ""6051"", ""CodeDirection"": ""307""}",RULE,,ANOMALIE,ÉLEVÉE,1.0,RULE_ASSIGNMENT_START non conforme. Valeur attendue pour assignmentStartDate: '1988-09-02'; valeur reçue: '2000-04-01'.,False,True
2911996,P,14.0,13.0,dailyHoursOverride,HeuresNormeQuotidienne,7,7.0,7.0,8,8.0,DIRECT,DISCREPANCY,52.0,,,,DIRECT,,ANOMALIE,ÉLEVÉE,1.0,Le champ possède une correspondance directe dans le mapping et les valeurs normalisées demeurent différentes. Aucune règle métier fournie ne justifie cet écart.,False,True
2911996,P,14.0,13.0,positionName,,,,6051-Empl6051,0449-Empl0449,0449-Empl0449,BUSINESS_RULE,RULE_DISCREPANCY,15.0,RULE_POSITION_NAME,Concaténation emploi,"{""CodeEmploi"": ""6051"", ""IntituléEmploi"": ""Empl6051""}",RULE,,ANOMALIE,ÉLEVÉE,1.0,RULE_POSITION_NAME non conforme. Valeur attendue pour positionName: '6051-Empl6051'; valeur reçue: '0449-Empl0449'.,False,True
2911996,P,14.0,13.0,weeklyHoursOverride,HeuresNormeHebdo,35,35.0,35.0,40,40.0,DIRECT,DISCREPANCY,51.0,,,,DIRECT,,ANOMALIE,ÉLEVÉE,1.0,Le champ possède une correspondance directe dans le mapping et les valeurs normalisées demeurent différentes. Aucune règle métier fournie ne justifie cet écart.,False,True
3241002,P,12.0,11.0,assignmentStartDate,,,,2001-11-16,2022-10-05 00:00:00,2022-10-05,BUSINESS_RULE,RULE_DISCREPANCY,46.0,RULE_ASSIGNMENT_START,Date d'effet du poste,"{""DateEntréePoste"": ""2009-03-30"", ""DateSortiePoste"": null, ""adminUnitStart"": ""2001-11-16"", ""adminUnitEnd"": null, ""jobDetailRows"": [58, 59, 60, 61, 62, 63, 64, 65, 66], ""CodePoste"": ""88622"", ""CodeEmploi"": ""6203"", ""CodeDirection"": ""348""}",RULE,,ANOMALIE,ÉLEVÉE,1.0,RULE_ASSIGNMENT_START non conforme. Valeur attendue pour assignmentStartDate: '2001-11-16'; valeur reçue: '2022-10-05'.,False,True
3241002,P,12.0,11.0,positionName,,,,6203-Empl6203,4367-Empl4367,4367-Empl4367,BUSINESS_RULE,RULE_DISCREPANCY,15.0,RULE_POSITION_NAME,Concaténation emploi,"{""CodeEmploi"": ""6203"", ""IntituléEmploi"": ""Empl6203""}",RULE,,ANOMALIE,ÉLEVÉE,1.0,RULE_POSITION_NAME non conforme. Valeur attendue pour positionName: '6203-Empl6203'; valeur reçue: '4367-Empl4367'.,False,True
3241002,P,12.0,11.0,siteName,LibelléSite,Emplacement48,Emplacement48,Emplacement48,Emplacement35,Emplacement35,DIRECT,DISCREPANCY,9.0,,,,DIRECT,,ANOMALIE,ÉLEVÉE,1.0,Le champ possède une correspondance directe dans le mapping et les valeurs normalisées demeurent différentes. Aucune règle métier fournie ne justifie cet écart.,False,True
3712987,P,16.0,15.0,assignmentStartDate,,,,1993-05-23,2016-05-09 00:00:00,2016-05-09,BUSINESS_RULE,RULE_DISCREPANCY,46.0,RULE_ASSIGNMENT_START,Date d'effet du poste,"{""DateEntréePoste"": ""2016-05-09"", ""DateSortiePoste"": null, ""adminUnitStart"": ""1993-05-23"", ""adminUnitEnd"": null, ""jobDetailRows"": [79, 80, 81, 82, 83], ""CodePoste"": ""86337"", ""CodeEmploi"": ""6031"", ""CodeDirection"": ""371""}",RULE,,ANOMALIE,ÉLEVÉE,1.0,RULE_ASSIGNMENT_START non conforme. Valeur attendue pour assignmentStartDate: '1993-05-23'; valeur reçue: '2016-05-09'.,False,True
3712987,P,16.0,15.0,contractTypeCode,,,,JWN,XFLR,XFLR,BUSINESS_RULE,RULE_DISCREPANCY,24.0,RULE_CONTRACT_TYPE,Type d'employé,"{""CatégorieEmploi"": ""V"", ""EstPermanent"": true, ""EstTempsPlein"": true}",RULE,,ANOMALIE,ÉLEVÉE,1.0,RULE_CONTRACT_TYPE non conforme. Valeur attendue pour contractTypeCode: 'JWN'; valeur reçue: 'XFLR'.,False,True
3712987,P,16.0,15.0,dailyHoursOverride,HeuresNormeQuotidienne,,,,8,8.0,DIRECT,DISCREPANCY,52.0,,,,DIRECT,,ANOMALIE,ÉLEVÉE,1.0,Le champ possède une correspondance directe dans le mapping et les valeurs normalisées demeurent différentes. Aucune règle métier fournie ne justifie cet écart.,False,True
3712987,P,16.0,15.0,positionName,,,,6031-Empl6031,0485-Empl0485,0485-Empl0485,BUSINESS_RULE,RULE_DISCREPANCY,15.0,RULE_POSITION_NAME,Concaténation emploi,"{""CodeEmploi"": ""6031"", ""IntituléEmploi"": ""Empl6031""}",RULE,,ANOMALIE,ÉLEVÉE,1.0,RULE_POSITION_NAME non conforme. Valeur attendue pour positionName: '6031-Empl6031'; valeur reçue: '0485-Empl0485'.,False,True
3712987,P,16.0,15.0,weeklyHoursOverride,HeuresNormeHebdo,,,,40,40.0,DIRECT,DISCREPANCY,51.0,,,,DIRECT,,ANOMALIE,ÉLEVÉE,1.0,Le champ possède une correspondance directe dans le mapping et les valeurs normalisées demeurent différentes. Aucune règle métier fournie ne justifie cet écart.,False,True
4402456,P,15.0,14.0,assignmentStartDate,,,,2001-02-05,2013-10-20 00:00:00,2013-10-20,BUSINESS_RULE,RULE_DISCREPANCY,46.0,RULE_ASSIGNMENT_START,Date d'effet du poste,"{""DateEntréePoste"": ""2001-02-05"", ""DateSortiePoste"": null, ""adminUnitStart"": ""2002-06-10"", ""adminUnitEnd"": null, ""jobDetailRows"": [74, 75, 76, 77, 78], ""CodePoste"": ""26586"", ""CodeEmploi"": ""6031"", ""CodeDirection"": ""371""}",RULE,,ANOMALIE,ÉLEVÉE,1.0,RULE_ASSIGNMENT_START non conforme. Valeur attendue pour assignmentStartDate: '2001-02-05'; valeur reçue: '2013-10-20'.,False,True
4402456,P,15.0,14.0,dailyHoursOverride,HeuresNormeQuotidienne,7.2,7.2,7.2,8,8.0,DIRECT,DISCREPANCY,52.0,,,,DIRECT,,ANOMALIE,ÉLEVÉE,1.0,Le champ possède une correspondance directe dans le mapping et les valeurs normalisées demeurent différentes. Aucune règle métier fournie ne justifie cet écart.,False,True
4402456,P,15.0,14.0,positionName,,,,6031-Empl6031,0485-Empl0485,0485-Empl0485,BUSINESS_RULE,RULE_DISCREPANCY,15.0,RULE_POSITION_NAME,Concaténation emploi,"{""CodeEmploi"": ""6031"", ""IntituléEmploi"": ""Empl6031""}",RULE,,ANOMALIE,ÉLEVÉE,1.0,RULE_POSITION_NAME non conforme. Valeur attendue pour positionName: '6031-Empl6031'; valeur reçue: '0485-Empl0485'.,False,True
4402456,P,15.0,14.0,weeklyHoursOverride,HeuresNormeHebdo,36,36.0,36.0,40,40.0,DIRECT,DISCREPANCY,51.0,,,,DIRECT,,ANOMALIE,ÉLEVÉE,1.0,Le champ possède une correspondance directe dans le mapping et les valeurs normalisées demeurent différentes. Aucune règle métier fournie ne justifie cet écart.,False,True
4625374,P,7.0,6.0,assignmentStartDate,,,,1950-08-09,2025-03-24 00:00:00,2025-03-24,BUSINESS_RULE,RULE_DISCREPANCY,46.0,RULE_ASSIGNMENT_START,Date d'effet du poste,"{""DateEntréePoste"": ""2025-03-24"", ""DateSortiePoste"": null, ""adminUnitStart"": ""1950-08-09"", ""adminUnitEnd"": null, ""jobDetailRows"": [36, 37, 38, 39], ""CodePoste"": ""43478"", ""CodeEmploi"": ""6203"", ""CodeDirection"": ""348""}",RULE,,ANOMALIE,ÉLEVÉE,1.0,RULE_ASSIGNMENT_START non conforme. Valeur attendue pour assignmentStartDate: '1950-08-09'; valeur reçue: '2025-03-24'.,False,True
4625374,P,7.0,6.0,contractTypeCode,,,,WHX,JWN,JWN,BUSINESS_RULE,RULE_DISCREPANCY,24.0,RULE_CONTRACT_TYPE,Type d'employé,"{""CatégorieEmploi"": ""O"", ""EstPermanent"": ""False"", ""EstTempsPlein"": ""False""}",RULE,,ANOMALIE,ÉLEVÉE,1.0,RULE_CONTRACT_TYPE non conforme. Valeur attendue pour contractTypeCode: 'WHX'; valeur reçue: 'JWN'.,False,True
4625374,P,7.0,6.0,positionName,,,,6203-Empl6203,4367-Empl4367,4367-Empl4367,BUSINESS_RULE,RULE_DISCREPANCY,15.0,RULE_POSITION_NAME,Concaténation emploi,"{""CodeEmploi"": ""6203"", ""IntituléEmploi"": ""Empl6203""}",RULE,,ANOMALIE,ÉLEVÉE,1.0,RULE_POSITION_NAME non conforme. Valeur attendue pour positionName: '6203-Empl6203'; valeur reçue: '4367-Empl4367'.,False,True
4880692,P,9.0,8.0,assignmentStartDate,,,,1969-04-04,2009-03-30 00:00:00,2009-03-30,BUSINESS_RULE,RULE_DISCREPANCY,46.0,RULE_ASSIGNMENT_START,Date d'effet du poste,"{""DateEntréePoste"": ""2009-03-30"", ""DateSortiePoste"": null, ""adminUnitStart"": ""1969-04-04"", ""adminUnitEnd"": null, ""jobDetailRows"": [47, 48, 49, 50, 51, 52, 53], ""CodePoste"": ""35161"", ""CodeEmploi"": ""6203"", ""CodeDirection"": ""348""}",RULE,,ANOMALIE,ÉLEVÉE,1.0,RULE_ASSIGNMENT_START non conforme. Valeur attendue pour assignmentStartDate: '1969-04-04'; valeur reçue: '2009-03-30'.,False,True
4880692,P,9.0,8.0,positionName,,,,6203-Empl6203,4367-Empl4367,4367-Empl4367,BUSINESS_RULE,RULE_DISCREPANCY,15.0,RULE_POSITION_NAME,Concaténation emploi,"{""CodeEmploi"": ""6203"", ""IntituléEmploi"": ""Empl6203""}",RULE,,ANOMALIE,ÉLEVÉE,1.0,RULE_POSITION_NAME non conforme. Valeur attendue pour positionName: '6203-Empl6203'; valeur reçue: '4367-Empl4367'.,False,True
6035643,P,11.0,10.0,assignmentStartDate,,,,1960-12-04,2023-02-13 00:00:00,2023-02-13,BUSINESS_RULE,RULE_DISCREPANCY,46.0,RULE_ASSIGNMENT_START,Date d'effet du poste,"{""DateEntréePoste"": ""2023-02-13"", ""DateSortiePoste"": null, ""adminUnitStart"": ""1960-12-04"", ""adminUnitEnd"": null, ""jobDetailRows"": [57], ""CodePoste"": ""47056"", ""CodeEmploi"": ""6622"", ""CodeDirection"": ""392""}",RULE,,ANOMALIE,ÉLEVÉE,1.0,RULE_ASSIGNMENT_START non conforme. Valeur attendue pour assignmentStartDate: '1960-12-04'; valeur reçue: '2023-02-13'.,False,True
6035643,P,11.0,10.0,positionName,,,,6622-Empl6622,4368-Empl4368,4368-Empl4368,BUSINESS_RULE,RULE_DISCREPANCY,15.0,RULE_POSITION_NAME,Concaténation emploi,"{""CodeEmploi"": ""6622"", ""IntituléEmploi"": ""Empl6622""}",RULE,,ANOMALIE,ÉLEVÉE,1.0,RULE_POSITION_NAME non conforme. Valeur attendue pour positionName: '6622-Empl6622'; valeur reçue: '4368-Empl4368'.,False,True
6035643,P,11.0,10.0,siteName,LibelléSite,Emplacement35,Emplacement35,Emplacement35,Emplacement48,Emplacement48,DIRECT,DISCREPANCY,9.0,,,,DIRECT,,ANOMALIE,ÉLEVÉE,1.0,Le champ possède une correspondance directe dans le mapping et les valeurs normalisées demeurent différentes. Aucune règle métier fournie ne justifie cet écart.,False,True
6783031,P,5.0,4.0,assignmentStartDate,,,,1987-01-12,2009-03-30 00:00:00,2009-03-30,BUSINESS_RULE,RULE_DISCREPANCY,46.0,RULE_ASSIGNMENT_START,Date d'effet du poste,"{""DateEntréePoste"": ""2009-03-30"", ""DateSortiePoste"": null, ""adminUnitStart"": ""1987-01-12"", ""adminUnitEnd"": null, ""jobDetailRows"": [23, 24, 25, 26, 27, 28], ""CodePoste"": ""23999"", ""CodeEmploi"": ""6203"", ""CodeDirection"": ""348""}",RULE,,ANOMALIE,ÉLEVÉE,1.0,RULE_ASSIGNMENT_START non conforme. Valeur attendue pour assignmentStartDate: '1987-01-12'; valeur reçue: '2009-03-30'.,False,True
6783031,P,5.0,4.0,positionName,,,,6203-Empl6203,4367-Empl4367,4367-Empl4367,BUSINESS_RULE,RULE_DISCREPANCY,15.0,RULE_POSITION_NAME,Concaténation emploi,"{""CodeEmploi"": ""6203"", ""IntituléEmploi"": ""Empl6203""}",RULE,,ANOMALIE,ÉLEVÉE,1.0,RULE_POSITION_NAME non conforme. Valeur attendue pour positionName: '6203-Empl6203'; valeur reçue: '4367-Empl4367'.,False,True
7070325,P,10.0,9.0,assignmentStartDate,,,,1980-10-09,2009-07-06 00:00:00,2009-07-06,BUSINESS_RULE,RULE_DISCREPANCY,46.0,RULE_ASSIGNMENT_START,Date d'effet du poste,"{""DateEntréePoste"": ""2009-07-06"", ""DateSortiePoste"": null, ""adminUnitStart"": ""1980-10-09"", ""adminUnitEnd"": null, ""jobDetailRows"": [54, 55, 56], ""CodePoste"": ""81864"", ""CodeEmploi"": ""6622"", ""CodeDirection"": ""348""}",RULE,,ANOMALIE,ÉLEVÉE,1.0,RULE_ASSIGNMENT_START non conforme. Valeur attendue pour assignmentStartDate: '1980-10-09'; valeur reçue: '2009-07-06'.,False,True
7070325,P,10.0,9.0,positionName,,,,6622-Empl6622,4368-Empl4368,4368-Empl4368,BUSINESS_RULE,RULE_DISCREPANCY,15.0,RULE_POSITION_NAME,Concaténation emploi,"{""CodeEmploi"": ""6622"", ""IntituléEmploi"": ""Empl6622""}",RULE,,ANOMALIE,ÉLEVÉE,1.0,RULE_POSITION_NAME non conforme. Valeur attendue pour positionName: '6622-Empl6622'; valeur reçue: '4368-Empl4368'.,False,True
7254364,P,17.0,16.0,assignmentStartDate,,,,1981-06-17,2025-10-20 00:00:00,2025-10-20,BUSINESS_RULE,RULE_DISCREPANCY,46.0,RULE_ASSIGNMENT_START,Date d'effet du poste,"{""DateEntréePoste"": ""2025-10-20"", ""DateSortiePoste"": null, ""adminUnitStart"": ""1981-06-17"", ""adminUnitEnd"": null, ""jobDetailRows"": [84, 85, 86, 87], ""CodePoste"": ""14553"", ""CodeEmploi"": ""6754"", ""CodeDirection"": ""371""}",RULE,,ANOMALIE,ÉLEVÉE,1.0,RULE_ASSIGNMENT_START non conforme. Valeur attendue pour assignmentStartDate: '1981-06-17'; valeur reçue: '2025-10-20'.,False,True
7254364,P,17.0,16.0,contractTypeCode,,,,XFLR,JWN,JWN,BUSINESS_RULE,RULE_DISCREPANCY,24.0,RULE_CONTRACT_TYPE,Type d'employé,"{""CatégorieEmploi"": ""V"", ""EstPermanent"": true, ""EstTempsPlein"": false}",RULE,,ANOMALIE,ÉLEVÉE,1.0,RULE_CONTRACT_TYPE non conforme. Valeur attendue pour contractTypeCode: 'XFLR'; valeur reçue: 'JWN'.,False,True
7254364,P,17.0,16.0,positionName,,,,6754-Empl6754,0509-Empl0509,0509-Empl0509,BUSINESS_RULE,RULE_DISCREPANCY,15.0,RULE_POSITION_NAME,Concaténation emploi,"{""CodeEmploi"": ""6754"", ""IntituléEmploi"": ""Empl6754""}",RULE,,ANOMALIE,ÉLEVÉE,1.0,RULE_POSITION_NAME non conforme. Valeur attendue pour positionName: '6754-Empl6754'; valeur reçue: '0509-Empl0509'.,False,True
7603160,P,4.0,3.0,assignmentStartDate,,,,1971-05-19,2009-03-30 00:00:00,2009-03-30,BUSINESS_RULE,RULE_DISCREPANCY,46.0,RULE_ASSIGNMENT_START,Date d'effet du poste,"{""DateEntréePoste"": ""2009-03-30"", ""DateSortiePoste"": null, ""adminUnitStart"": ""1971-05-19"", ""adminUnitEnd"": null, ""jobDetailRows"": [15, 16, 17, 18, 19, 20, 21, 22], ""CodePoste"": ""83560"", ""CodeEmploi"": ""6203"", ""CodeDirection"": ""348""}",RULE,,ANOMALIE,ÉLEVÉE,1.0,RULE_ASSIGNMENT_START non conforme. Valeur attendue pour assignmentStartDate: '1971-05-19'; valeur reçue: '2009-03-30'.,False,True
7603160,P,4.0,3.0,positionName,,,,6203-Empl6203,4367-Empl4367,4367-Empl4367,BUSINESS_RULE,RULE_DISCREPANCY,15.0,RULE_POSITION_NAME,Concaténation emploi,"{""CodeEmploi"": ""6203"", ""IntituléEmploi"": ""Empl6203""}",RULE,,ANOMALIE,ÉLEVÉE,1.0,RULE_POSITION_NAME non conforme. Valeur attendue pour positionName: '6203-Empl6203'; valeur reçue: '4367-Empl4367'.,False,True
7683990,P,20.0,20.0,assignmentStartDate,,,,1971-02-13,2015-03-23 00:00:00,2015-03-23,BUSINESS_RULE,RULE_DISCREPANCY,46.0,RULE_ASSIGNMENT_START,Date d'effet du poste,"{""DateEntréePoste"": ""2015-03-23"", ""DateSortiePoste"": null, ""adminUnitStart"": ""1971-02-13"", ""adminUnitEnd"": null, ""jobDetailRows"": [99, 100, 101, 102, 103], ""CodePoste"": ""15514"", ""CodeEmploi"": ""6725"", ""CodeDirection"": ""371""}",RULE,,ANOMALIE,ÉLEVÉE,1.0,RULE_ASSIGNMENT_START non conforme. Valeur attendue pour assignmentStartDate: '1971-02-13'; valeur reçue: '2015-03-23'.,False,True
7683990,P,20.0,20.0,dailyHoursOverride,HeuresNormeQuotidienne,7.2,7.2,7.2,8,8.0,DIRECT,DISCREPANCY,52.0,,,,DIRECT,,ANOMALIE,ÉLEVÉE,1.0,Le champ possède une correspondance directe dans le mapping et les valeurs normalisées demeurent différentes. Aucune règle métier fournie ne justifie cet écart.,False,True
7683990,P,20.0,20.0,positionName,,,,6725-Empl6725,4051-Empl4051,4051-Empl4051,BUSINESS_RULE,RULE_DISCREPANCY,15.0,RULE_POSITION_NAME,Concaténation emploi,"{""CodeEmploi"": ""6725"", ""IntituléEmploi"": ""Empl6725""}",RULE,,ANOMALIE,ÉLEVÉE,1.0,RULE_POSITION_NAME non conforme. Valeur attendue pour positionName: '6725-Empl6725'; valeur reçue: '4051-Empl4051'.,False,True
7683990,P,20.0,20.0,weeklyHoursOverride,HeuresNormeHebdo,36,36.0,36.0,40,40.0,DIRECT,DISCREPANCY,51.0,,,,DIRECT,,ANOMALIE,ÉLEVÉE,1.0,Le champ possède une correspondance directe dans le mapping et les valeurs normalisées demeurent différentes. Aucune règle métier fournie ne justifie cet écart.,False,True
8142123,P,3.0,2.0,assignmentStartDate,,,,1968-02-04,2009-03-30 00:00:00,2009-03-30,BUSINESS_RULE,RULE_DISCREPANCY,46.0,RULE_ASSIGNMENT_START,Date d'effet du poste,"{""DateEntréePoste"": ""2009-03-30"", ""DateSortiePoste"": null, ""adminUnitStart"": ""1968-02-04"", ""adminUnitEnd"": null, ""jobDetailRows"": [9, 10, 11, 12, 13, 14], ""CodePoste"": ""26800"", ""CodeEmploi"": ""6203"", ""CodeDirection"": ""348""}",RULE,,ANOMALIE,ÉLEVÉE,1.0,RULE_ASSIGNMENT_START non conforme. Valeur attendue pour assignmentStartDate: '1968-02-04'; valeur reçue: '2009-03-30'.,False,True
8142123,P,3.0,2.0,positionName,,,,6203-Empl6203,4367-Empl4367,4367-Empl4367,BUSINESS_RULE,RULE_DISCREPANCY,15.0,RULE_POSITION_NAME,Concaténation emploi,"{""CodeEmploi"": ""6203"", ""IntituléEmploi"": ""Empl6203""}",RULE,,ANOMALIE,ÉLEVÉE,1.0,RULE_POSITION_NAME non conforme. Valeur attendue pour positionName: '6203-Empl6203'; valeur reçue: '4367-Empl4367'.,False,True
8644330,P,19.0,18.0,assignmentStartDate,,,,1987-08-19,2001-02-05 00:00:00,2001-02-05,BUSINESS_RULE,RULE_DISCREPANCY,46.0,RULE_ASSIGNMENT_START,Date d'effet du poste,"{""DateEntréePoste"": ""2001-02-05"", ""DateSortiePoste"": null, ""adminUnitStart"": ""1987-08-19"", ""adminUnitEnd"": null, ""jobDetailRows"": [94, 95, 96, 97, 98], ""CodePoste"": ""67970"", ""CodeEmploi"": ""6031"", ""CodeDirection"": ""371""}",RULE,,ANOMALIE,ÉLEVÉE,1.0,RULE_ASSIGNMENT_START non conforme. Valeur attendue pour assignmentStartDate: '1987-08-19'; valeur reçue: '2001-02-05'.,False,True
8644330,P,19.0,18.0,positionName,,,,6031-Empl6031,0485-Empl0485,0485-Empl0485,BUSINESS_RULE,RULE_DISCREPANCY,15.0,RULE_POSITION_NAME,Concaténation emploi,"{""CodeEmploi"": ""6031"", ""IntituléEmploi"": ""Empl6031""}",RULE,,ANOMALIE,ÉLEVÉE,1.0,RULE_POSITION_NAME non conforme. Valeur attendue pour positionName: '6031-Empl6031'; valeur reçue: '0485-Empl0485'.,False,True
9989151,P,2.0,1.0,assignmentStartDate,,,,2003-06-18,2021-03-30 00:00:00,2021-03-30,BUSINESS_RULE,RULE_DISCREPANCY,46.0,RULE_ASSIGNMENT_START,Date d'effet du poste,"{""DateEntréePoste"": ""2009-03-30"", ""DateSortiePoste"": null, ""adminUnitStart"": ""2003-06-18"", ""adminUnitEnd"": null, ""jobDetailRows"": [2, 3, 4, 5, 6, 7, 8], ""CodePoste"": ""31109"", ""CodeEmploi"": ""6203"", ""CodeDirection"": ""348""}",RULE,,ANOMALIE,ÉLEVÉE,1.0,RULE_ASSIGNMENT_START non conforme. Valeur attendue pour assignmentStartDate: '2003-06-18'; valeur reçue: '2021-03-30'.,False,True
9989151,P,2.0,1.0,positionName,,,,6203-Empl6203,4367-Empl4367,4367-Empl4367,BUSINESS_RULE,RULE_DISCREPANCY,15.0,RULE_POSITION_NAME,Concaténation emploi,"{""CodeEmploi"": ""6203"", ""IntituléEmploi"": ""Empl6203""}",RULE,,ANOMALIE,ÉLEVÉE,1.0,RULE_POSITION_NAME non conforme. Valeur attendue pour positionName: '6203-Empl6203'; valeur reçue: '4367-Empl4367'.,False,True
7683990,S,,,__ASSIGNMENT__,,,,,,,STRUCTURAL,AMBIGUOUS_ASSIGNMENT_MATCH,,,,"{""source_candidates"": [21, 22], ""destination_candidates"": [19, 21]}",STRUCTURAL,,A_INVESTIGUER,ÉLEVÉE,0.5,Plusieurs affectations candidates du même type existent dans les deux systèmes. Une correspondance unique ne peut pas être déterminée par les règles déterministes.,True,True
1545850,P,0.0,0.0,contactEmail,,,,PNom1545850850@loto-quebec.com,dev-08-v2_PNom10370370@loto-quebec.com,dev-08-v2_PNom10370370@loto-quebec.com,BUSINESS_RULE,RULE_DISCREPANCY,4.0,RULE_EMAIL,Construction adresse courriel,"{""PrénomUsuel"": ""Pre1545850"", ""NomFamille"": ""Nom1545850"", ""Matricule"": ""1545850""}",RULE_LIMITATION,ANONYMIZATION_EMAIL,A_INVESTIGUER,MOYENNE,0.5,"La règle métier de construction du courriel a été appliquée correctement. Toutefois, les courriels du système B suivent une convention systématique différente qui semble liée à l'anonymisation du jeu de données. Aucune règle fournie ne permet de reconstruire cette transformation. L'écart est donc conservé comme cas à investiguer, mais n'est pas envoyé à l'IA puisque l'information nécessaire a été supprimée par l'anonymisation. Détail déterministe initial : RULE_EMAIL non conforme. Valeur attendue pour contactEmail: 'PNom1545850850@loto-quebec.com'; valeur reçue: 'dev-08-v2_PNom10370370@loto-quebec.com'.",False,True
2173396,P,13.0,12.0,contactEmail,,,,PNom2173396396@loto-quebec.com,dev-08-v2_PNom10437437@loto-quebec.com,dev-08-v2_PNom10437437@loto-quebec.com,BUSINESS_RULE,RULE_DISCREPANCY,4.0,RULE_EMAIL,Construction adresse courriel,"{""PrénomUsuel"": ""Pre2173396"", ""NomFamille"": ""Nom2173396"", ""Matricule"": ""2173396""}",RULE_LIMITATION,ANONYMIZATION_EMAIL,A_INVESTIGUER,MOYENNE,0.5,"La règle métier de construction du courriel a été appliquée correctement. Toutefois, les courriels du système B suivent une convention systématique différente qui semble liée à l'anonymisation du jeu de données. Aucune règle fournie ne permet de reconstruire cette transformation. L'écart est donc conservé comme cas à investiguer, mais n'est pas envoyé à l'IA puisque l'information nécessaire a été supprimée par l'anonymisation. Détail déterministe initial : RULE_EMAIL non conforme. Valeur attendue pour contactEmail: 'PNom2173396396@loto-quebec.com'; valeur reçue: 'dev-08-v2_PNom10437437@loto-quebec.com'.",False,True
2648214,P,18.0,17.0,contactEmail,,,,PNom2648214214@loto-quebec.com,dev-08-v2_PNom10470470@loto-quebec.com,dev-08-v2_PNom10470470@loto-quebec.com,BUSINESS_RULE,RULE_DISCREPANCY,4.0,RULE_EMAIL,Construction adresse courriel,"{""PrénomUsuel"": ""Pre2648214"", ""NomFamille"": ""Nom2648214"", ""Matricule"": ""2648214""}",RULE_LIMITATION,ANONYMIZATION_EMAIL,A_INVESTIGUER,MOYENNE,0.5,"La règle métier de construction du courriel a été appliquée correctement. Toutefois, les courriels du système B suivent une convention systématique différente qui semble liée à l'anonymisation du jeu de données. Aucune règle fournie ne permet de reconstruire cette transformation. L'écart est donc conservé comme cas à investiguer, mais n'est pas envoyé à l'IA puisque l'information nécessaire a été supprimée par l'anonymisation. Détail déterministe initial : RULE_EMAIL non conforme. Valeur attendue pour contactEmail: 'PNom2648214214@loto-quebec.com'; valeur reçue: 'dev-08-v2_PNom10470470@loto-quebec.com'.",False,True
2747515,P,8.0,7.0,contactEmail,,,,PNom2747515515@loto-quebec.com,dev-08-v2_PNom10402402@loto-quebec.com,dev-08-v2_PNom10402402@loto-quebec.com,BUSINESS_RULE,RULE_DISCREPANCY,4.0,RULE_EMAIL,Construction adresse courriel,"{""PrénomUsuel"": ""Pre2747515"", ""NomFamille"": ""Nom2747515"", ""Matricule"": ""2747515""}",RULE_LIMITATION,ANONYMIZATION_EMAIL,A_INVESTIGUER,MOYENNE,0.5,"La règle métier de construction du courriel a été appliquée correctement. Toutefois, les courriels du système B suivent une convention systématique différente qui semble liée à l'anonymisation du jeu de données. Aucune règle fournie ne permet de reconstruire cette transformation. L'écart est donc conservé comme cas à investiguer, mais n'est pas envoyé à l'IA puisque l'information nécessaire a été supprimée par l'anonymisation. Détail déterministe initial : RULE_EMAIL non conforme. Valeur attendue pour contactEmail: 'PNom2747515515@loto-quebec.com'; valeur reçue: 'dev-08-v2_PNom10402402@loto-quebec.com'.",False,True
2762457,P,6.0,5.0,contactEmail,,,,PNom2762457457@loto-quebec.com,dev-08-v2_PNom10398398@loto-quebec.com,dev-08-v2_PNom10398398@loto-quebec.com,BUSINESS_RULE,RULE_DISCREPANCY,4.0,RULE_EMAIL,Construction adresse courriel,"{""PrénomUsuel"": ""Pre2762457"", ""NomFamille"": ""Nom2762457"", ""Matricule"": ""2762457""}",RULE_LIMITATION,ANONYMIZATION_EMAIL,A_INVESTIGUER,MOYENNE,0.5,"La règle métier de construction du courriel a été appliquée correctement. Toutefois, les courriels du système B suivent une convention systématique différente qui semble liée à l'anonymisation du jeu de données. Aucune règle fournie ne permet de reconstruire cette transformation. L'écart est donc conservé comme cas à investiguer, mais n'est pas envoyé à l'IA puisque l'information nécessaire a été supprimée par l'anonymisation. Détail déterministe initial : RULE_EMAIL non conforme. Valeur attendue pour contactEmail: 'PNom2762457457@loto-quebec.com'; valeur reçue: 'dev-08-v2_PNom10398398@loto-quebec.com'.",False,True
2911996,P,14.0,13.0,contactEmail,,,,PNom2911996996@loto-quebec.com,dev-08-v2_PNom10446446@loto-quebec.com,dev-08-v2_PNom10446446@loto-quebec.com,BUSINESS_RULE,RULE_DISCREPANCY,4.0,RULE_EMAIL,Construction adresse courriel,"{""PrénomUsuel"": ""Pre2911996"", ""NomFamille"": ""Nom2911996"", ""Matricule"": ""2911996""}",RULE_LIMITATION,ANONYMIZATION_EMAIL,A_INVESTIGUER,MOYENNE,0.5,"La règle métier de construction du courriel a été appliquée correctement. Toutefois, les courriels du système B suivent une convention systématique différente qui semble liée à l'anonymisation du jeu de données. Aucune règle fournie ne permet de reconstruire cette transformation. L'écart est donc conservé comme cas à investiguer, mais n'est pas envoyé à l'IA puisque l'information nécessaire a été supprimée par l'anonymisation. Détail déterministe initial : RULE_EMAIL non conforme. Valeur attendue pour contactEmail: 'PNom2911996996@loto-quebec.com'; valeur reçue: 'dev-08-v2_PNom10446446@loto-quebec.com'.",False,True
3241002,P,12.0,11.0,contactEmail,,,,PNom3241002002@loto-quebec.com,dev-08-v2_PNom10434434@loto-quebec.com,dev-08-v2_PNom10434434@loto-quebec.com,BUSINESS_RULE,RULE_DISCREPANCY,4.0,RULE_EMAIL,Construction adresse courriel,"{""PrénomUsuel"": ""Pre3241002"", ""NomFamille"": ""Nom3241002"", ""Matricule"": ""3241002""}",RULE_LIMITATION,ANONYMIZATION_EMAIL,A_INVESTIGUER,MOYENNE,0.5,"La règle métier de construction du courriel a été appliquée correctement. Toutefois, les courriels du système B suivent une convention systématique différente qui semble liée à l'anonymisation du jeu de données. Aucune règle fournie ne permet de reconstruire cette transformation. L'écart est donc conservé comme cas à investiguer, mais n'est pas envoyé à l'IA puisque l'information nécessaire a été supprimée par l'anonymisation. Détail déterministe initial : RULE_EMAIL non conforme. Valeur attendue pour contactEmail: 'PNom3241002002@loto-quebec.com'; valeur reçue: 'dev-08-v2_PNom10434434@loto-quebec.com'.",False,True
3712987,P,16.0,15.0,contactEmail,,,,PNom3712987987@loto-quebec.com,dev-08-v2_PNom10465465@loto-quebec.com,dev-08-v2_PNom10465465@loto-quebec.com,BUSINESS_RULE,RULE_DISCREPANCY,4.0,RULE_EMAIL,Construction adresse courriel,"{""PrénomUsuel"": ""Pre3712987"", ""NomFamille"": ""Nom3712987"", ""Matricule"": ""3712987""}",RULE_LIMITATION,ANONYMIZATION_EMAIL,A_INVESTIGUER,MOYENNE,0.5,"La règle métier de construction du courriel a été appliquée correctement. Toutefois, les courriels du système B suivent une convention systématique différente qui semble liée à l'anonymisation du jeu de données. Aucune règle fournie ne permet de reconstruire cette transformation. L'écart est donc conservé comme cas à investiguer, mais n'est pas envoyé à l'IA puisque l'information nécessaire a été supprimée par l'anonymisation. Détail déterministe initial : RULE_EMAIL non conforme. Valeur attendue pour contactEmail: 'PNom3712987987@loto-quebec.com'; valeur reçue: 'dev-08-v2_PNom10465465@loto-quebec.com'.",False,True
4402456,P,15.0,14.0,contactEmail,,,,PNom4402456456@loto-quebec.com,dev-08-v2_PNom10460460@loto-quebec.com,dev-08-v2_PNom10460460@loto-quebec.com,BUSINESS_RULE,RULE_DISCREPANCY,4.0,RULE_EMAIL,Construction adresse courriel,"{""PrénomUsuel"": ""Pre4402456"", ""NomFamille"": ""Nom4402456"", ""Matricule"": ""4402456""}",RULE_LIMITATION,ANONYMIZATION_EMAIL,A_INVESTIGUER,MOYENNE,0.5,"La règle métier de construction du courriel a été appliquée correctement. Toutefois, les courriels du système B suivent une convention systématique différente qui semble liée à l'anonymisation du jeu de données. Aucune règle fournie ne permet de reconstruire cette transformation. L'écart est donc conservé comme cas à investiguer, mais n'est pas envoyé à l'IA puisque l'information nécessaire a été supprimée par l'anonymisation. Détail déterministe initial : RULE_EMAIL non conforme. Valeur attendue pour contactEmail: 'PNom4402456456@loto-quebec.com'; valeur reçue: 'dev-08-v2_PNom10460460@loto-quebec.com'.",False,True
4625374,P,7.0,6.0,contactEmail,,,,PNom4625374374@loto-quebec.com,dev-08-v2_PNom10401401@loto-quebec.com,dev-08-v2_PNom10401401@loto-quebec.com,BUSINESS_RULE,RULE_DISCREPANCY,4.0,RULE_EMAIL,Construction adresse courriel,"{""PrénomUsuel"": ""Pre4625374"", ""NomFamille"": ""Nom4625374"", ""Matricule"": ""4625374""}",RULE_LIMITATION,ANONYMIZATION_EMAIL,A_INVESTIGUER,MOYENNE,0.5,"La règle métier de construction du courriel a été appliquée correctement. Toutefois, les courriels du système B suivent une convention systématique différente qui semble liée à l'anonymisation du jeu de données. Aucune règle fournie ne permet de reconstruire cette transformation. L'écart est donc conservé comme cas à investiguer, mais n'est pas envoyé à l'IA puisque l'information nécessaire a été supprimée par l'anonymisation. Détail déterministe initial : RULE_EMAIL non conforme. Valeur attendue pour contactEmail: 'PNom4625374374@loto-quebec.com'; valeur reçue: 'dev-08-v2_PNom10401401@loto-quebec.com'.",False,True
4880692,P,9.0,8.0,contactEmail,,,,PNom4880692692@loto-quebec.com,dev-08-v2_PNom10404404@loto-quebec.com,dev-08-v2_PNom10404404@loto-quebec.com,BUSINESS_RULE,RULE_DISCREPANCY,4.0,RULE_EMAIL,Construction adresse courriel,"{""PrénomUsuel"": ""Pre4880692"", ""NomFamille"": ""Nom4880692"", ""Matricule"": ""4880692""}",RULE_LIMITATION,ANONYMIZATION_EMAIL,A_INVESTIGUER,MOYENNE,0.5,"La règle métier de construction du courriel a été appliquée correctement. Toutefois, les courriels du système B suivent une convention systématique différente qui semble liée à l'anonymisation du jeu de données. Aucune règle fournie ne permet de reconstruire cette transformation. L'écart est donc conservé comme cas à investiguer, mais n'est pas envoyé à l'IA puisque l'information nécessaire a été supprimée par l'anonymisation. Détail déterministe initial : RULE_EMAIL non conforme. Valeur attendue pour contactEmail: 'PNom4880692692@loto-quebec.com'; valeur reçue: 'dev-08-v2_PNom10404404@loto-quebec.com'.",False,True
6035643,P,11.0,10.0,contactEmail,,,,PNom6035643643@loto-quebec.com,dev-08-v2_PNom10430430@loto-quebec.com,dev-08-v2_PNom10430430@loto-quebec.com,BUSINESS_RULE,RULE_DISCREPANCY,4.0,RULE_EMAIL,Construction adresse courriel,"{""PrénomUsuel"": ""Pre6035643"", ""NomFamille"": ""Nom6035643"", ""Matricule"": ""6035643""}",RULE_LIMITATION,ANONYMIZATION_EMAIL,A_INVESTIGUER,MOYENNE,0.5,"La règle métier de construction du courriel a été appliquée correctement. Toutefois, les courriels du système B suivent une convention systématique différente qui semble liée à l'anonymisation du jeu de données. Aucune règle fournie ne permet de reconstruire cette transformation. L'écart est donc conservé comme cas à investiguer, mais n'est pas envoyé à l'IA puisque l'information nécessaire a été supprimée par l'anonymisation. Détail déterministe initial : RULE_EMAIL non conforme. Valeur attendue pour contactEmail: 'PNom6035643643@loto-quebec.com'; valeur reçue: 'dev-08-v2_PNom10430430@loto-quebec.com'.",False,True
6783031,P,5.0,4.0,contactEmail,,,,PNom6783031031@loto-quebec.com,dev-08-v2_PNom10389389@loto-quebec.com,dev-08-v2_PNom10389389@loto-quebec.com,BUSINESS_RULE,RULE_DISCREPANCY,4.0,RULE_EMAIL,Construction adresse courriel,"{""PrénomUsuel"": ""Pre6783031"", ""NomFamille"": ""Nom6783031"", ""Matricule"": ""6783031""}",RULE_LIMITATION,ANONYMIZATION_EMAIL,A_INVESTIGUER,MOYENNE,0.5,"La règle métier de construction du courriel a été appliquée correctement. Toutefois, les courriels du système B suivent une convention systématique différente qui semble liée à l'anonymisation du jeu de données. Aucune règle fournie ne permet de reconstruire cette transformation. L'écart est donc conservé comme cas à investiguer, mais n'est pas envoyé à l'IA puisque l'information nécessaire a été supprimée par l'anonymisation. Détail déterministe initial : RULE_EMAIL non conforme. Valeur attendue pour contactEmail: 'PNom6783031031@loto-quebec.com'; valeur reçue: 'dev-08-v2_PNom10389389@loto-quebec.com'.",False,True
7070325,P,10.0,9.0,contactEmail,,,,PNom7070325325@loto-quebec.com,dev-08-v2_PNom10428428@loto-quebec.com,dev-08-v2_PNom10428428@loto-quebec.com,BUSINESS_RULE,RULE_DISCREPANCY,4.0,RULE_EMAIL,Construction adresse courriel,"{""PrénomUsuel"": ""Pre7070325"", ""NomFamille"": ""Nom7070325"", ""Matricule"": ""7070325""}",RULE_LIMITATION,ANONYMIZATION_EMAIL,A_INVESTIGUER,MOYENNE,0.5,"La règle métier de construction du courriel a été appliquée correctement. Toutefois, les courriels du système B suivent une convention systématique différente qui semble liée à l'anonymisation du jeu de données. Aucune règle fournie ne permet de reconstruire cette transformation. L'écart est donc conservé comme cas à investiguer, mais n'est pas envoyé à l'IA puisque l'information nécessaire a été supprimée par l'anonymisation. Détail déterministe initial : RULE_EMAIL non conforme. Valeur attendue pour contactEmail: 'PNom7070325325@loto-quebec.com'; valeur reçue: 'dev-08-v2_PNom10428428@loto-quebec.com'.",False,True
7254364,P,17.0,16.0,contactEmail,,,,PNom7254364364@loto-quebec.com,dev-08-v2_PNom10466466@loto-quebec.com,dev-08-v2_PNom10466466@loto-quebec.com,BUSINESS_RULE,RULE_DISCREPANCY,4.0,RULE_EMAIL,Construction adresse courriel,"{""PrénomUsuel"": ""Pre7254364"", ""NomFamille"": ""Nom7254364"", ""Matricule"": ""7254364""}",RULE_LIMITATION,ANONYMIZATION_EMAIL,A_INVESTIGUER,MOYENNE,0.5,"La règle métier de construction du courriel a été appliquée correctement. Toutefois, les courriels du système B suivent une convention systématique différente qui semble liée à l'anonymisation du jeu de données. Aucune règle fournie ne permet de reconstruire cette transformation. L'écart est donc conservé comme cas à investiguer, mais n'est pas envoyé à l'IA puisque l'information nécessaire a été supprimée par l'anonymisation. Détail déterministe initial : RULE_EMAIL non conforme. Valeur attendue pour contactEmail: 'PNom7254364364@loto-quebec.com'; valeur reçue: 'dev-08-v2_PNom10466466@loto-quebec.com'.",False,True
7603160,P,4.0,3.0,contactEmail,,,,PNom7603160160@loto-quebec.com,dev-08-v2_PNom10385385@loto-quebec.com,dev-08-v2_PNom10385385@loto-quebec.com,BUSINESS_RULE,RULE_DISCREPANCY,4.0,RULE_EMAIL,Construction adresse courriel,"{""PrénomUsuel"": ""Pre7603160"", ""NomFamille"": ""Nom7603160"", ""Matricule"": ""7603160""}",RULE_LIMITATION,ANONYMIZATION_EMAIL,A_INVESTIGUER,MOYENNE,0.5,"La règle métier de construction du courriel a été appliquée correctement. Toutefois, les courriels du système B suivent une convention systématique différente qui semble liée à l'anonymisation du jeu de données. Aucune règle fournie ne permet de reconstruire cette transformation. L'écart est donc conservé comme cas à investiguer, mais n'est pas envoyé à l'IA puisque l'information nécessaire a été supprimée par l'anonymisation. Détail déterministe initial : RULE_EMAIL non conforme. Valeur attendue pour contactEmail: 'PNom7603160160@loto-quebec.com'; valeur reçue: 'dev-08-v2_PNom10385385@loto-quebec.com'.",False,True
7683990,P,20.0,20.0,contactEmail,,,,PNom7683990990@loto-quebec.com,dev-08-v2_PNom10477477@loto-quebec.com,dev-08-v2_PNom10477477@loto-quebec.com,BUSINESS_RULE,RULE_DISCREPANCY,4.0,RULE_EMAIL,Construction adresse courriel,"{""PrénomUsuel"": ""Pre7683990"", ""NomFamille"": ""Nom7683990"", ""Matricule"": ""7683990""}",RULE_LIMITATION,ANONYMIZATION_EMAIL,A_INVESTIGUER,MOYENNE,0.5,"La règle métier de construction du courriel a été appliquée correctement. Toutefois, les courriels du système B suivent une convention systématique différente qui semble liée à l'anonymisation du jeu de données. Aucune règle fournie ne permet de reconstruire cette transformation. L'écart est donc conservé comme cas à investiguer, mais n'est pas envoyé à l'IA puisque l'information nécessaire a été supprimée par l'anonymisation. Détail déterministe initial : RULE_EMAIL non conforme. Valeur attendue pour contactEmail: 'PNom7683990990@loto-quebec.com'; valeur reçue: 'dev-08-v2_PNom10477477@loto-quebec.com'.",False,True
8142123,P,3.0,2.0,contactEmail,,,,PNom8142123123@loto-quebec.com,dev-08-v2_PNom10380380@loto-quebec.com,dev-08-v2_PNom10380380@loto-quebec.com,BUSINESS_RULE,RULE_DISCREPANCY,4.0,RULE_EMAIL,Construction adresse courriel,"{""PrénomUsuel"": ""Pre8142123"", ""NomFamille"": ""Nom8142123"", ""Matricule"": ""8142123""}",RULE_LIMITATION,ANONYMIZATION_EMAIL,A_INVESTIGUER,MOYENNE,0.5,"La règle métier de construction du courriel a été appliquée correctement. Toutefois, les courriels du système B suivent une convention systématique différente qui semble liée à l'anonymisation du jeu de données. Aucune règle fournie ne permet de reconstruire cette transformation. L'écart est donc conservé comme cas à investiguer, mais n'est pas envoyé à l'IA puisque l'information nécessaire a été supprimée par l'anonymisation. Détail déterministe initial : RULE_EMAIL non conforme. Valeur attendue pour contactEmail: 'PNom8142123123@loto-quebec.com'; valeur reçue: 'dev-08-v2_PNom10380380@loto-quebec.com'.",False,True
8644330,P,19.0,18.0,contactEmail,,,,PNom8644330330@loto-quebec.com,dev-08-v2_PNom10473473@loto-quebec.com,dev-08-v2_PNom10473473@loto-quebec.com,BUSINESS_RULE,RULE_DISCREPANCY,4.0,RULE_EMAIL,Construction adresse courriel,"{""PrénomUsuel"": ""Pre8644330"", ""NomFamille"": ""Nom8644330"", ""Matricule"": ""8644330""}",RULE_LIMITATION,ANONYMIZATION_EMAIL,A_INVESTIGUER,MOYENNE,0.5,"La règle métier de construction du courriel a été appliquée correctement. Toutefois, les courriels du système B suivent une convention systématique différente qui semble liée à l'anonymisation du jeu de données. Aucune règle fournie ne permet de reconstruire cette transformation. L'écart est donc conservé comme cas à investiguer, mais n'est pas envoyé à l'IA puisque l'information nécessaire a été supprimée par l'anonymisation. Détail déterministe initial : RULE_EMAIL non conforme. Valeur attendue pour contactEmail: 'PNom8644330330@loto-quebec.com'; valeur reçue: 'dev-08-v2_PNom10473473@loto-quebec.com'.",False,True
9989151,P,2.0,1.0,contactEmail,,,,PNom9989151151@loto-quebec.com,dev-08-v2_PNom10372372@loto-quebec.com,dev-08-v2_PNom10372372@loto-quebec.com,BUSINESS_RULE,RULE_DISCREPANCY,4.0,RULE_EMAIL,Construction adresse courriel,"{""PrénomUsuel"": ""Pre9989151"", ""NomFamille"": ""Nom9989151"", ""Matricule"": ""9989151""}",RULE_LIMITATION,ANONYMIZATION_EMAIL,A_INVESTIGUER,MOYENNE,0.5,"La règle métier de construction du courriel a été appliquée correctement. Toutefois, les courriels du système B suivent une convention systématique différente qui semble liée à l'anonymisation du jeu de données. Aucune règle fournie ne permet de reconstruire cette transformation. L'écart est donc conservé comme cas à investiguer, mais n'est pas envoyé à l'IA puisque l'information nécessaire a été supprimée par l'anonymisation. Détail déterministe initial : RULE_EMAIL non conforme. Valeur attendue pour contactEmail: 'PNom9989151151@loto-quebec.com'; valeur reçue: 'dev-08-v2_PNom10372372@loto-quebec.com'.",False,True
1545850,P,0.0,0.0,onboardDate,DateEmbaucheRécente,1995-02-09 00:00:00,1995-02-09,1995-02-09,1995-02-09T00:00:00.000Z,1995-02-09,DIRECT,NORMALIZED_MATCH,7.0,,,,DIRECT,,ECART_JUSTIFIE,FAIBLE,1.0,"Les valeurs brutes diffèrent, mais deviennent équivalentes après normalisation. L'écart est justifié par une différence de représentation.",False,False
2173396,P,13.0,12.0,onboardDate,DateEmbaucheRécente,2017-12-10 00:00:00,2017-12-10,2017-12-10,2017-12-10T00:00:00.000Z,2017-12-10,DIRECT,NORMALIZED_MATCH,7.0,,,,DIRECT,,ECART_JUSTIFIE,FAIBLE,1.0,"Les valeurs brutes diffèrent, mais deviennent équivalentes après normalisation. L'écart est justifié par une différence de représentation.",False,False
2648214,P,18.0,17.0,onboardDate,DateEmbaucheRécente,1992-10-16 00:00:00,1992-10-16,1992-10-16,1992-10-16T00:00:00.000Z,1992-10-16,DIRECT,NORMALIZED_MATCH,7.0,,,,DIRECT,,ECART_JUSTIFIE,FAIBLE,1.0,"Les valeurs brutes diffèrent, mais deviennent équivalentes après normalisation. L'écart est justifié par une différence de représentation.",False,False
2747515,P,8.0,7.0,onboardDate,DateEmbaucheRécente,2004-02-08 00:00:00,2004-02-08,2004-02-08,2004-02-08T00:00:00.000Z,2004-02-08,DIRECT,NORMALIZED_MATCH,7.0,,,,DIRECT,,ECART_JUSTIFIE,FAIBLE,1.0,"Les valeurs brutes diffèrent, mais deviennent équivalentes après normalisation. L'écart est justifié par une différence de représentation.",False,False
2762457,P,6.0,5.0,onboardDate,DateEmbaucheRécente,1986-06-30 00:00:00,1986-06-30,1986-06-30,1986-06-30T00:00:00.000Z,1986-06-30,DIRECT,NORMALIZED_MATCH,7.0,,,,DIRECT,,ECART_JUSTIFIE,FAIBLE,1.0,"Les valeurs brutes diffèrent, mais deviennent équivalentes après normalisation. L'écart est justifié par une différence de représentation.",False,False
2911996,P,14.0,13.0,onboardDate,DateEmbaucheRécente,1996-06-04 00:00:00,1996-06-04,1996-06-04,1996-06-04T00:00:00.000Z,1996-06-04,DIRECT,NORMALIZED_MATCH,7.0,,,,DIRECT,,ECART_JUSTIFIE,FAIBLE,1.0,"Les valeurs brutes diffèrent, mais deviennent équivalentes après normalisation. L'écart est justifié par une différence de représentation.",False,False
3241002,P,12.0,11.0,onboardDate,DateEmbaucheRécente,1995-03-18 00:00:00,1995-03-18,1995-03-18,1995-03-18T00:00:00.000Z,1995-03-18,DIRECT,NORMALIZED_MATCH,7.0,,,,DIRECT,,ECART_JUSTIFIE,FAIBLE,1.0,"Les valeurs brutes diffèrent, mais deviennent équivalentes après normalisation. L'écart est justifié par une différence de représentation.",False,False
3712987,P,16.0,15.0,onboardDate,DateEmbaucheRécente,2015-03-24 00:00:00,2015-03-24,2015-03-24,2015-03-24T00:00:00.000Z,2015-03-24,DIRECT,NORMALIZED_MATCH,7.0,,,,DIRECT,,ECART_JUSTIFIE,FAIBLE,1.0,"Les valeurs brutes diffèrent, mais deviennent équivalentes après normalisation. L'écart est justifié par une différence de représentation.",False,False
4402456,P,15.0,14.0,onboardDate,DateEmbaucheRécente,1993-10-11 00:00:00,1993-10-11,1993-10-11,1993-10-11T00:00:00.000Z,1993-10-11,DIRECT,NORMALIZED_MATCH,7.0,,,,DIRECT,,ECART_JUSTIFIE,FAIBLE,1.0,"Les valeurs brutes diffèrent, mais deviennent équivalentes après normalisation. L'écart est justifié par une différence de représentation.",False,False
4625374,P,7.0,6.0,onboardDate,DateEmbaucheRécente,2007-05-25 00:00:00,2007-05-25,2007-05-25,2007-05-25T00:00:00.000Z,2007-05-25,DIRECT,NORMALIZED_MATCH,7.0,,,,DIRECT,,ECART_JUSTIFIE,FAIBLE,1.0,"Les valeurs brutes diffèrent, mais deviennent équivalentes après normalisation. L'écart est justifié par une différence de représentation.",False,False
4880692,P,9.0,8.0,onboardDate,DateEmbaucheRécente,2007-06-17 00:00:00,2007-06-17,2007-06-17,2007-06-17T00:00:00.000Z,2007-06-17,DIRECT,NORMALIZED_MATCH,7.0,,,,DIRECT,,ECART_JUSTIFIE,FAIBLE,1.0,"Les valeurs brutes diffèrent, mais deviennent équivalentes après normalisation. L'écart est justifié par une différence de représentation.",False,False
6035643,P,11.0,10.0,onboardDate,DateEmbaucheRécente,2015-03-20 00:00:00,2015-03-20,2015-03-20,2015-03-20T00:00:00.000Z,2015-03-20,DIRECT,NORMALIZED_MATCH,7.0,,,,DIRECT,,ECART_JUSTIFIE,FAIBLE,1.0,"Les valeurs brutes diffèrent, mais deviennent équivalentes après normalisation. L'écart est justifié par une différence de représentation.",False,False
6783031,P,5.0,4.0,onboardDate,DateEmbaucheRécente,1985-06-30 00:00:00,1985-06-30,1985-06-30,1985-06-30T00:00:00.000Z,1985-06-30,DIRECT,NORMALIZED_MATCH,7.0,,,,DIRECT,,ECART_JUSTIFIE,FAIBLE,1.0,"Les valeurs brutes diffèrent, mais deviennent équivalentes après normalisation. L'écart est justifié par une différence de représentation.",False,False
7070325,P,10.0,9.0,onboardDate,DateEmbaucheRécente,1995-03-20 00:00:00,1995-03-20,1995-03-20,1995-03-20T00:00:00.000Z,1995-03-20,DIRECT,NORMALIZED_MATCH,7.0,,,,DIRECT,,ECART_JUSTIFIE,FAIBLE,1.0,"Les valeurs brutes diffèrent, mais deviennent équivalentes après normalisation. L'écart est justifié par une différence de représentation.",False,False
7254364,P,17.0,16.0,onboardDate,DateEmbaucheRécente,2009-12-27 00:00:00,2009-12-27,2009-12-27,2009-12-27T00:00:00.000Z,2009-12-27,DIRECT,NORMALIZED_MATCH,7.0,,,,DIRECT,,ECART_JUSTIFIE,FAIBLE,1.0,"Les valeurs brutes diffèrent, mais deviennent équivalentes après normalisation. L'écart est justifié par une différence de représentation.",False,False
7603160,P,4.0,3.0,onboardDate,DateEmbaucheRécente,2000-03-29 00:00:00,2000-03-29,2000-03-29,2000-03-29T00:00:00.000Z,2000-03-29,DIRECT,NORMALIZED_MATCH,7.0,,,,DIRECT,,ECART_JUSTIFIE,FAIBLE,1.0,"Les valeurs brutes diffèrent, mais deviennent équivalentes après normalisation. L'écart est justifié par une différence de représentation.",False,False
7683990,P,20.0,20.0,onboardDate,DateEmbaucheRécente,1990-01-07 00:00:00,1990-01-07,1990-01-07,1990-01-07T00:00:00.000Z,1990-01-07,DIRECT,NORMALIZED_MATCH,7.0,,,,DIRECT,,ECART_JUSTIFIE,FAIBLE,1.0,"Les valeurs brutes diffèrent, mais deviennent équivalentes après normalisation. L'écart est justifié par une différence de représentation.",False,False
8142123,P,3.0,2.0,onboardDate,DateEmbaucheRécente,1985-09-01 00:00:00,1985-09-01,1985-09-01,1985-09-01T00:00:00.000Z,1985-09-01,DIRECT,NORMALIZED_MATCH,7.0,,,,DIRECT,,ECART_JUSTIFIE,FAIBLE,1.0,"Les valeurs brutes diffèrent, mais deviennent équivalentes après normalisation. L'écart est justifié par une différence de représentation.",False,False
8644330,P,19.0,18.0,onboardDate,DateEmbaucheRécente,1989-09-19 00:00:00,1989-09-19,1989-09-19,1989-09-19T00:00:00.000Z,1989-09-19,DIRECT,NORMALIZED_MATCH,7.0,,,,DIRECT,,ECART_JUSTIFIE,FAIBLE,1.0,"Les valeurs brutes diffèrent, mais deviennent équivalentes après normalisation. L'écart est justifié par une différence de représentation.",False,False
9989151,P,2.0,1.0,onboardDate,DateEmbaucheRécente,2003-12-12 00:00:00,2003-12-12,2003-12-12,2003-12-12T00:00:00.000Z,2003-12-12,DIRECT,NORMALIZED_MATCH,7.0,,,,DIRECT,,ECART_JUSTIFIE,FAIBLE,1.0,"Les valeurs brutes diffèrent, mais deviennent équivalentes après normalisation. L'écart est justifié par une différence de représentation.",False,False
1545850,P,0.0,0.0,assignmentEndDate,,,,,,,BUSINESS_RULE,RULE_MATCH,53.0,RULE_ASSIGNMENT_END,Date d'expiration poste,"{""DateEntréePoste"": ""2016-04-01"", ""DateSortiePoste"": null, ""adminUnitStart"": ""1964-08-15"", ""adminUnitEnd"": null, ""jobDetailRows"": [0], ""CodePoste"": ""35342"", ""CodeEmploi"": ""6585"", ""CodeDirection"": ""397""}",RULE,,CONFORME,FAIBLE,1.0,RULE_ASSIGNMENT_END conforme. Valeur attendue pour assignmentEndDate: <VIDE>.,False,False
1545850,P,0.0,0.0,contractTypeCode,,,,JWN,JWN,JWN,BUSINESS_RULE,RULE_MATCH,24.0,RULE_CONTRACT_TYPE,Type d'employé,"{""CatégorieEmploi"": ""V"", ""EstPermanent"": true, ""EstTempsPlein"": true}",RULE,,CONFORME,FAIBLE,1.0,RULE_CONTRACT_TYPE conforme. Valeur attendue pour contractTypeCode: 'JWN'.,False,False
1545850,P,0.0,0.0,dailyHoursOverride,HeuresNormeQuotidienne,8,8.0,8.0,8,8.0,DIRECT,EXACT_MATCH,52.0,,,,DIRECT,,CONFORME,FAIBLE,1.0,La valeur du système A correspond exactement à la valeur du système B.,False,False
1545850,P,0.0,0.0,detailedStatus,,,,Actif,Actif,Actif,BUSINESS_RULE,RULE_MATCH,23.0,RULE_DETAILED_STATUS,Situation d'emploi,"{""CodeSuspensionAccès"": ""01"", ""CodeRaisonStatut"": ""697"", ""DateRetourAnticipée"": NaN}",RULE,,CONFORME,FAIBLE,1.0,RULE_DETAILED_STATUS conforme. Valeur attendue pour detailedStatus: 'Actif'.,False,False
1545850,P,0.0,0.0,divisionCode,CodeImputation,2815,2815,2815,2815,2815,DIRECT,EXACT_MATCH,13.0,,,,DIRECT,,CONFORME,FAIBLE,1.0,La valeur du système A correspond exactement à la valeur du système B.,False,False
1545850,P,0.0,0.0,divisionId,CodeDirection,397,397,397,397,397,DIRECT,EXACT_MATCH,11.0,,,,DIRECT,,CONFORME,FAIBLE,1.0,La valeur du système A correspond exactement à la valeur du système B.,False,False
1545850,P,0.0,0.0,divisionName,,,,00397-UnitAdmin00397,00397-UnitAdmin00397,00397-UnitAdmin00397,BUSINESS_RULE,RULE_MATCH,12.0,RULE_DIVISION_NAME,Concaténation unité administrative,"{""CodeDirection"": ""397"", ""CodeDirectionFormatted"": ""00397"", ""LibelléDirection"": ""UnitAdmin00397""}",RULE,,CONFORME,FAIBLE,1.0,RULE_DIVISION_NAME conforme. Valeur attendue pour divisionName: '00397-UnitAdmin00397'.,False,False
1545850,P,0.0,0.0,expectedReturnDate,,,,,,,BUSINESS_RULE,RULE_MATCH,22.0,RULE_EXPECTED_RETURN,Date de retour prévue,"{""CodeSuspensionAccès"": ""01"", ""CodeRaisonStatut"": ""697"", ""DateRetourAnticipée"": NaN}",RULE,,CONFORME,FAIBLE,1.0,RULE_EXPECTED_RETURN conforme. Valeur attendue pour expectedReturnDate: <VIDE>.,False,False
1545850,P,0.0,0.0,givenName,PrénomUsuel,Pre1545850,Pre1545850,Pre1545850,Pre1545850,Pre1545850,DIRECT,EXACT_MATCH,2.0,,,,DIRECT,,CONFORME,FAIBLE,1.0,La valeur du système A correspond exactement à la valeur du système B.,False,False
1545850,P,0.0,0.0,isPrimaryAssignment,,,,True,true,True,BUSINESS_RULE,RULE_MATCH,41.0,RULE_PRIMARY_ASSIGNMENT,Type d'affectation P/A/S,"{""TypeAffectation"": ""P""}",RULE,,CONFORME,FAIBLE,1.0,RULE_PRIMARY_ASSIGNMENT conforme. Valeur attendue pour isPrimaryAssignment: True.,False,False
1545850,P,0.0,0.0,isTemporaryAssignment,,,,False,false,False,BUSINESS_RULE,RULE_MATCH,41.0,RULE_TEMP_ASSIGNMENT,Type d'affectation P/A/S,"{""TypeAffectation"": ""P""}",RULE,,CONFORME,FAIBLE,1.0,RULE_TEMP_ASSIGNMENT conforme. Valeur attendue pour isTemporaryAssignment: False.,False,False
1545850,P,0.0,0.0,payGradeId,ÉchelleSalariale,260,260,260,260,260,DIRECT,EXACT_MATCH,49.0,,,,DIRECT,,CONFORME,FAIBLE,1.0,La valeur du système A correspond exactement à la valeur du système B.,False,False
1545850,P,0.0,0.0,personId,Matricule,1545850,1545850,1545850,1545850,1545850,DIRECT,EXACT_MATCH,8.0,,,,DIRECT,,CONFORME,FAIBLE,1.0,La valeur du système A correspond exactement à la valeur du système B.,False,False
1545850,P,0.0,0.0,positionCode,CodeEmploi,6585,6585,6585,6585,6585,DIRECT,EXACT_MATCH,16.0,,,,DIRECT,,CONFORME,FAIBLE,1.0,La valeur du système A correspond exactement à la valeur du système B.,False,False
1545850,P,0.0,0.0,positionId,CodeEmploi,6585,6585,6585,6585,6585,DIRECT,EXACT_MATCH,14.0,,,,DIRECT,,CONFORME,FAIBLE,1.0,La valeur du système A correspond exactement à la valeur du système B.,False,False
1545850,P,0.0,0.0,siteCode,CodeSite,48,48,48,48,48,DIRECT,EXACT_MATCH,10.0,,,,DIRECT,,CONFORME,FAIBLE,1.0,La valeur du système A correspond exactement à la valeur du système B.,False,False
1545850,P,0.0,0.0,siteName,LibelléSite,Emplacement48,Emplacement48,Emplacement48,Emplacement48,Emplacement48,DIRECT,EXACT_MATCH,9.0,,,,DIRECT,,CONFORME,FAIBLE,1.0,La valeur du système A correspond exactement à la valeur du système B.,False,False
1545850,P,0.0,0.0,statusReasonCode,,,,,,,BUSINESS_RULE,RULE_MATCH,17.0,RULE_STATUS_REASON,Motif de situation d'emploi,"{""CodeSuspensionAccès"": ""01"", ""CodeRaisonStatut"": ""697"", ""DateRetourAnticipée"": NaN}",RULE,,CONFORME,FAIBLE,1.0,RULE_STATUS_REASON conforme. Valeur attendue pour statusReasonCode: <VIDE>.,False,False
1545850,P,0.0,0.0,surname,NomFamille,Nom1545850,Nom1545850,Nom1545850,Nom1545850,Nom1545850,DIRECT,EXACT_MATCH,3.0,,,,DIRECT,,CONFORME,FAIBLE,1.0,La valeur du système A correspond exactement à la valeur du système B.,False,False
1545850,P,0.0,0.0,termEndDate,,,,,,,BUSINESS_RULE,RULE_MATCH,56.0,RULE_TERM_END,Date d'effet du détail du poste,"{""DateEntréePoste"": ""2016-04-01"", ""DateSortiePoste"": null, ""adminUnitStart"": ""1964-08-15"", ""adminUnitEnd"": null, ""jobDetailRows"": [0], ""CodePoste"": ""35342"", ""CodeEmploi"": ""6585"", ""CodeDirection"": ""397""}",RULE,,CONFORME,FAIBLE,1.0,RULE_TERM_END conforme. Valeur attendue pour termEndDate: <VIDE>.,False,False
1545850,P,0.0,0.0,weeklyHoursOverride,HeuresNormeHebdo,40,40.0,40.0,40,40.0,DIRECT,EXACT_MATCH,51.0,,,,DIRECT,,CONFORME,FAIBLE,1.0,La valeur du système A correspond exactement à la valeur du système B.,False,False
2173396,P,13.0,12.0,assignmentEndDate,,,,,,,BUSINESS_RULE,RULE_MATCH,53.0,RULE_ASSIGNMENT_END,Date d'expiration poste,"{""DateEntréePoste"": ""2019-04-29"", ""DateSortiePoste"": null, ""adminUnitStart"": ""1997-06-24"", ""adminUnitEnd"": null, ""jobDetailRows"": [67, 68, 69, 70], ""CodePoste"": ""69289"", ""CodeEmploi"": ""6900"", ""CodeDirection"": ""352""}",RULE,,CONFORME,FAIBLE,1.0,RULE_ASSIGNMENT_END conforme. Valeur attendue pour assignmentEndDate: <VIDE>.,False,False
2173396,P,13.0,12.0,contractTypeCode,,,,JWN,JWN,JWN,BUSINESS_RULE,RULE_MATCH,24.0,RULE_CONTRACT_TYPE,Type d'employé,"{""CatégorieEmploi"": ""V"", ""EstPermanent"": true, ""EstTempsPlein"": true}",RULE,,CONFORME,FAIBLE,1.0,RULE_CONTRACT_TYPE conforme. Valeur attendue pour contractTypeCode: 'JWN'.,False,False
2173396,P,13.0,12.0,dailyHoursOverride,HeuresNormeQuotidienne,8,8.0,8.0,8,8.0,DIRECT,EXACT_MATCH,52.0,,,,DIRECT,,CONFORME,FAIBLE,1.0,La valeur du système A correspond exactement à la valeur du système B.,False,False
2173396,P,13.0,12.0,detailedStatus,,,,Actif,Actif,Actif,BUSINESS_RULE,RULE_MATCH,23.0,RULE_DETAILED_STATUS,Situation d'emploi,"{""CodeSuspensionAccès"": ""01"", ""CodeRaisonStatut"": ""703"", ""DateRetourAnticipée"": NaN}",RULE,,CONFORME,FAIBLE,1.0,RULE_DETAILED_STATUS conforme. Valeur attendue pour detailedStatus: 'Actif'.,False,False
2173396,P,13.0,12.0,divisionCode,CodeImputation,2778,2778,2778,2778,2778,DIRECT,EXACT_MATCH,13.0,,,,DIRECT,,CONFORME,FAIBLE,1.0,La valeur du système A correspond exactement à la valeur du système B.,False,False
2173396,P,13.0,12.0,divisionId,CodeDirection,352,352,352,352,352,DIRECT,EXACT_MATCH,11.0,,,,DIRECT,,CONFORME,FAIBLE,1.0,La valeur du système A correspond exactement à la valeur du système B.,False,False
2173396,P,13.0,12.0,divisionName,,,,00352-UnitAdmin00352,00352-UnitAdmin00352,00352-UnitAdmin00352,BUSINESS_RULE,RULE_MATCH,12.0,RULE_DIVISION_NAME,Concaténation unité administrative,"{""CodeDirection"": ""352"", ""CodeDirectionFormatted"": ""00352"", ""LibelléDirection"": ""UnitAdmin00352""}",RULE,,CONFORME,FAIBLE,1.0,RULE_DIVISION_NAME conforme. Valeur attendue pour divisionName: '00352-UnitAdmin00352'.,False,False
2173396,P,13.0,12.0,expectedReturnDate,,,,,,,BUSINESS_RULE,RULE_MATCH,22.0,RULE_EXPECTED_RETURN,Date de retour prévue,"{""CodeSuspensionAccès"": ""01"", ""CodeRaisonStatut"": ""703"", ""DateRetourAnticipée"": NaN}",RULE,,CONFORME,FAIBLE,1.0,RULE_EXPECTED_RETURN conforme. Valeur attendue pour expectedReturnDate: <VIDE>.,False,False
2173396,P,13.0,12.0,givenName,PrénomUsuel,Pre2173396,Pre2173396,Pre2173396,Pre2173396,Pre2173396,DIRECT,EXACT_MATCH,2.0,,,,DIRECT,,CONFORME,FAIBLE,1.0,La valeur du système A correspond exactement à la valeur du système B.,False,False
2173396,P,13.0,12.0,isPrimaryAssignment,,,,True,true,True,BUSINESS_RULE,RULE_MATCH,41.0,RULE_PRIMARY_ASSIGNMENT,Type d'affectation P/A/S,"{""TypeAffectation"": ""P""}",RULE,,CONFORME,FAIBLE,1.0,RULE_PRIMARY_ASSIGNMENT conforme. Valeur attendue pour isPrimaryAssignment: True.,False,False
2173396,P,13.0,12.0,isTemporaryAssignment,,,,False,false,False,BUSINESS_RULE,RULE_MATCH,41.0,RULE_TEMP_ASSIGNMENT,Type d'affectation P/A/S,"{""TypeAffectation"": ""P""}",RULE,,CONFORME,FAIBLE,1.0,RULE_TEMP_ASSIGNMENT conforme. Valeur attendue pour isTemporaryAssignment: False.,False,False
2173396,P,13.0,12.0,payGradeId,ÉchelleSalariale,260,260,260,260,260,DIRECT,EXACT_MATCH,49.0,,,,DIRECT,,CONFORME,FAIBLE,1.0,La valeur du système A correspond exactement à la valeur du système B.,False,False
2173396,P,13.0,12.0,personId,Matricule,2173396,2173396,2173396,2173396,2173396,DIRECT,EXACT_MATCH,8.0,,,,DIRECT,,CONFORME,FAIBLE,1.0,La valeur du système A correspond exactement à la valeur du système B.,False,False
2173396,P,13.0,12.0,positionCode,CodeEmploi,6900,6900,6900,6900,6900,DIRECT,EXACT_MATCH,16.0,,,,DIRECT,,CONFORME,FAIBLE,1.0,La valeur du système A correspond exactement à la valeur du système B.,False,False
2173396,P,13.0,12.0,positionId,CodeEmploi,6900,6900,6900,6900,6900,DIRECT,EXACT_MATCH,14.0,,,,DIRECT,,CONFORME,FAIBLE,1.0,La valeur du système A correspond exactement à la valeur du système B.,False,False
2173396,P,13.0,12.0,siteCode,CodeSite,48,48,48,48,48,DIRECT,EXACT_MATCH,10.0,,,,DIRECT,,CONFORME,FAIBLE,1.0,La valeur du système A correspond exactement à la valeur du système B.,False,False
2173396,P,13.0,12.0,siteName,LibelléSite,Emplacement48,Emplacement48,Emplacement48,Emplacement48,Emplacement48,DIRECT,EXACT_MATCH,9.0,,,,DIRECT,,CONFORME,FAIBLE,1.0,La valeur du système A correspond exactement à la valeur du système B.,False,False
2173396,P,13.0,12.0,statusReasonCode,,,,,,,BUSINESS_RULE,RULE_MATCH,17.0,RULE_STATUS_REASON,Motif de situation d'emploi,"{""CodeSuspensionAccès"": ""01"", ""CodeRaisonStatut"": ""703"", ""DateRetourAnticipée"": NaN}",RULE,,CONFORME,FAIBLE,1.0,RULE_STATUS_REASON conforme. Valeur attendue pour statusReasonCode: <VIDE>.,False,False
2173396,P,13.0,12.0,surname,NomFamille,Nom2173396,Nom2173396,Nom2173396,Nom2173396,Nom2173396,DIRECT,EXACT_MATCH,3.0,,,,DIRECT,,CONFORME,FAIBLE,1.0,La valeur du système A correspond exactement à la valeur du système B.,False,False
2173396,P,13.0,12.0,termEndDate,,,,,,,BUSINESS_RULE,RULE_MATCH,56.0,RULE_TERM_END,Date d'effet du détail du poste,"{""DateEntréePoste"": ""2019-04-29"", ""DateSortiePoste"": null, ""adminUnitStart"": ""1997-06-24"", ""adminUnitEnd"": null, ""jobDetailRows"": [67, 68, 69, 70], ""CodePoste"": ""69289"", ""CodeEmploi"": ""6900"", ""CodeDirection"": ""352""}",RULE,,CONFORME,FAIBLE,1.0,RULE_TERM_END conforme. Valeur attendue pour termEndDate: <VIDE>.,False,False
2173396,P,13.0,12.0,weeklyHoursOverride,HeuresNormeHebdo,40,40.0,40.0,40,40.0,DIRECT,EXACT_MATCH,51.0,,,,DIRECT,,CONFORME,FAIBLE,1.0,La valeur du système A correspond exactement à la valeur du système B.,False,False
2648214,P,18.0,17.0,assignmentEndDate,,,,,,,BUSINESS_RULE,RULE_MATCH,53.0,RULE_ASSIGNMENT_END,Date d'expiration poste,"{""DateEntréePoste"": ""2001-02-05"", ""DateSortiePoste"": null, ""adminUnitStart"": ""1970-02-10"", ""adminUnitEnd"": null, ""jobDetailRows"": [88, 89, 90, 91, 92, 93], ""CodePoste"": ""73721"", ""CodeEmploi"": ""6972"", ""CodeDirection"": ""311""}",RULE,,CONFORME,FAIBLE,1.0,RULE_ASSIGNMENT_END conforme. Valeur attendue pour assignmentEndDate: <VIDE>.,False,False
2648214,P,18.0,17.0,contractTypeCode,,,,JWN,JWN,JWN,BUSINESS_RULE,RULE_MATCH,24.0,RULE_CONTRACT_TYPE,Type d'employé,"{""CatégorieEmploi"": ""V"", ""EstPermanent"": true, ""EstTempsPlein"": true}",RULE,,CONFORME,FAIBLE,1.0,RULE_CONTRACT_TYPE conforme. Valeur attendue pour contractTypeCode: 'JWN'.,False,False
2648214,P,18.0,17.0,dailyHoursOverride,HeuresNormeQuotidienne,8,8.0,8.0,8,8.0,DIRECT,EXACT_MATCH,52.0,,,,DIRECT,,CONFORME,FAIBLE,1.0,La valeur du système A correspond exactement à la valeur du système B.,False,False
2648214,P,18.0,17.0,detailedStatus,,,,Actif,Actif,Actif,BUSINESS_RULE,RULE_MATCH,23.0,RULE_DETAILED_STATUS,Situation d'emploi,"{""CodeSuspensionAccès"": ""01"", ""CodeRaisonStatut"": ""703"", ""DateRetourAnticipée"": NaN}",RULE,,CONFORME,FAIBLE,1.0,RULE_DETAILED_STATUS conforme. Valeur attendue pour detailedStatus: 'Actif'.,False,False
2648214,P,18.0,17.0,divisionCode,CodeImputation,2883,2883,2883,2883,2883,DIRECT,EXACT_MATCH,13.0,,,,DIRECT,,CONFORME,FAIBLE,1.0,La valeur du système A correspond exactement à la valeur du système B.,False,False
2648214,P,18.0,17.0,divisionId,CodeDirection,311,311,311,311,311,DIRECT,EXACT_MATCH,11.0,,,,DIRECT,,CONFORME,FAIBLE,1.0,La valeur du système A correspond exactement à la valeur du système B.,False,False
2648214,P,18.0,17.0,divisionName,,,,00311-UnitAdmin00311,00311-UnitAdmin00311,00311-UnitAdmin00311,BUSINESS_RULE,RULE_MATCH,12.0,RULE_DIVISION_NAME,Concaténation unité administrative,"{""CodeDirection"": ""311"", ""CodeDirectionFormatted"": ""00311"", ""LibelléDirection"": ""UnitAdmin00311""}",RULE,,CONFORME,FAIBLE,1.0,RULE_DIVISION_NAME conforme. Valeur attendue pour divisionName: '00311-UnitAdmin00311'.,False,False
2648214,P,18.0,17.0,expectedReturnDate,,,,,,,BUSINESS_RULE,RULE_MATCH,22.0,RULE_EXPECTED_RETURN,Date de retour prévue,"{""CodeSuspensionAccès"": ""01"", ""CodeRaisonStatut"": ""703"", ""DateRetourAnticipée"": NaN}",RULE,,CONFORME,FAIBLE,1.0,RULE_EXPECTED_RETURN conforme. Valeur attendue pour expectedReturnDate: <VIDE>.,False,False
2648214,P,18.0,17.0,givenName,PrénomUsuel,Pre2648214,Pre2648214,Pre2648214,Pre2648214,Pre2648214,DIRECT,EXACT_MATCH,2.0,,,,DIRECT,,CONFORME,FAIBLE,1.0,La valeur du système A correspond exactement à la valeur du système B.,False,False
2648214,P,18.0,17.0,isPrimaryAssignment,,,,True,true,True,BUSINESS_RULE,RULE_MATCH,41.0,RULE_PRIMARY_ASSIGNMENT,Type d'affectation P/A/S,"{""TypeAffectation"": ""P""}",RULE,,CONFORME,FAIBLE,1.0,RULE_PRIMARY_ASSIGNMENT conforme. Valeur attendue pour isPrimaryAssignment: True.,False,False
2648214,P,18.0,17.0,isTemporaryAssignment,,,,False,false,False,BUSINESS_RULE,RULE_MATCH,41.0,RULE_TEMP_ASSIGNMENT,Type d'affectation P/A/S,"{""TypeAffectation"": ""P""}",RULE,,CONFORME,FAIBLE,1.0,RULE_TEMP_ASSIGNMENT conforme. Valeur attendue pour isTemporaryAssignment: False.,False,False
2648214,P,18.0,17.0,payGradeId,ÉchelleSalariale,223,223,223,223,223,DIRECT,EXACT_MATCH,49.0,,,,DIRECT,,CONFORME,FAIBLE,1.0,La valeur du système A correspond exactement à la valeur du système B.,False,False
2648214,P,18.0,17.0,personId,Matricule,2648214,2648214,2648214,2648214,2648214,DIRECT,EXACT_MATCH,8.0,,,,DIRECT,,CONFORME,FAIBLE,1.0,La valeur du système A correspond exactement à la valeur du système B.,False,False
2648214,P,18.0,17.0,positionCode,CodeEmploi,6972,6972,6972,6972,6972,DIRECT,EXACT_MATCH,16.0,,,,DIRECT,,CONFORME,FAIBLE,1.0,La valeur du système A correspond exactement à la valeur du système B.,False,False
2648214,P,18.0,17.0,positionId,CodeEmploi,6972,6972,6972,6972,6972,DIRECT,EXACT_MATCH,14.0,,,,DIRECT,,CONFORME,FAIBLE,1.0,La valeur du système A correspond exactement à la valeur du système B.,False,False
2648214,P,18.0,17.0,siteCode,CodeSite,48,48,48,48,48,DIRECT,EXACT_MATCH,10.0,,,,DIRECT,,CONFORME,FAIBLE,1.0,La valeur du système A correspond exactement à la valeur du système B.,False,False
2648214,P,18.0,17.0,siteName,LibelléSite,Emplacement48,Emplacement48,Emplacement48,Emplacement48,Emplacement48,DIRECT,EXACT_MATCH,9.0,,,,DIRECT,,CONFORME,FAIBLE,1.0,La valeur du système A correspond exactement à la valeur du système B.,False,False
2648214,P,18.0,17.0,statusReasonCode,,,,,,,BUSINESS_RULE,RULE_MATCH,17.0,RULE_STATUS_REASON,Motif de situation d'emploi,"{""CodeSuspensionAccès"": ""01"", ""CodeRaisonStatut"": ""703"", ""DateRetourAnticipée"": NaN}",RULE,,CONFORME,FAIBLE,1.0,RULE_STATUS_REASON conforme. Valeur attendue pour statusReasonCode: <VIDE>.,False,False
2648214,P,18.0,17.0,surname,NomFamille,Nom2648214,Nom2648214,Nom2648214,Nom2648214,Nom2648214,DIRECT,EXACT_MATCH,3.0,,,,DIRECT,,CONFORME,FAIBLE,1.0,La valeur du système A correspond exactement à la valeur du système B.,False,False
2648214,P,18.0,17.0,termEndDate,,,,,,,BUSINESS_RULE,RULE_MATCH,56.0,RULE_TERM_END,Date d'effet du détail du poste,"{""DateEntréePoste"": ""2001-02-05"", ""DateSortiePoste"": null, ""adminUnitStart"": ""1970-02-10"", ""adminUnitEnd"": null, ""jobDetailRows"": [88, 89, 90, 91, 92, 93], ""CodePoste"": ""73721"", ""CodeEmploi"": ""6972"", ""CodeDirection"": ""311""}",RULE,,CONFORME,FAIBLE,1.0,RULE_TERM_END conforme. Valeur attendue pour termEndDate: <VIDE>.,False,False
2648214,P,18.0,17.0,weeklyHoursOverride,HeuresNormeHebdo,40,40.0,40.0,40,40.0,DIRECT,EXACT_MATCH,51.0,,,,DIRECT,,CONFORME,FAIBLE,1.0,La valeur du système A correspond exactement à la valeur du système B.,False,False
2747515,P,8.0,7.0,assignmentEndDate,,,,,,,BUSINESS_RULE,RULE_MATCH,53.0,RULE_ASSIGNMENT_END,Date d'expiration poste,"{""DateEntréePoste"": ""2009-03-30"", ""DateSortiePoste"": null, ""adminUnitStart"": ""1955-07-06"", ""adminUnitEnd"": null, ""jobDetailRows"": [40, 41, 42, 43, 44, 45, 46], ""CodePoste"": ""63970"", ""CodeEmploi"": ""6203"", ""CodeDirection"": ""348""}",RULE,,CONFORME,FAIBLE,1.0,RULE_ASSIGNMENT_END conforme. Valeur attendue pour assignmentEndDate: <VIDE>.,False,False
2747515,P,8.0,7.0,contractTypeCode,,,,JWN,JWN,JWN,BUSINESS_RULE,RULE_MATCH,24.0,RULE_CONTRACT_TYPE,Type d'employé,"{""CatégorieEmploi"": ""V"", ""EstPermanent"": true, ""EstTempsPlein"": true}",RULE,,CONFORME,FAIBLE,1.0,RULE_CONTRACT_TYPE conforme. Valeur attendue pour contractTypeCode: 'JWN'.,False,False
2747515,P,8.0,7.0,dailyHoursOverride,HeuresNormeQuotidienne,8,8.0,8.0,8,8.0,DIRECT,EXACT_MATCH,52.0,,,,DIRECT,,CONFORME,FAIBLE,1.0,La valeur du système A correspond exactement à la valeur du système B.,False,False
2747515,P,8.0,7.0,detailedStatus,,,,Actif,Actif,Actif,BUSINESS_RULE,RULE_MATCH,23.0,RULE_DETAILED_STATUS,Situation d'emploi,"{""CodeSuspensionAccès"": ""01"", ""CodeRaisonStatut"": ""703"", ""DateRetourAnticipée"": NaN}",RULE,,CONFORME,FAIBLE,1.0,RULE_DETAILED_STATUS conforme. Valeur attendue pour detailedStatus: 'Actif'.,False,False
2747515,P,8.0,7.0,divisionCode,CodeImputation,2950,2950,2950,2950,2950,DIRECT,EXACT_MATCH,13.0,,,,DIRECT,,CONFORME,FAIBLE,1.0,La valeur du système A correspond exactement à la valeur du système B.,False,False
2747515,P,8.0,7.0,divisionId,CodeDirection,348,348,348,348,348,DIRECT,EXACT_MATCH,11.0,,,,DIRECT,,CONFORME,FAIBLE,1.0,La valeur du système A correspond exactement à la valeur du système B.,False,False
2747515,P,8.0,7.0,divisionName,,,,00348-UnitAdmin00348,00348-UnitAdmin00348,00348-UnitAdmin00348,BUSINESS_RULE,RULE_MATCH,12.0,RULE_DIVISION_NAME,Concaténation unité administrative,"{""CodeDirection"": ""348"", ""CodeDirectionFormatted"": ""00348"", ""LibelléDirection"": ""UnitAdmin00348""}",RULE,,CONFORME,FAIBLE,1.0,RULE_DIVISION_NAME conforme. Valeur attendue pour divisionName: '00348-UnitAdmin00348'.,False,False
2747515,P,8.0,7.0,expectedReturnDate,,,,,,,BUSINESS_RULE,RULE_MATCH,22.0,RULE_EXPECTED_RETURN,Date de retour prévue,"{""CodeSuspensionAccès"": ""01"", ""CodeRaisonStatut"": ""703"", ""DateRetourAnticipée"": NaN}",RULE,,CONFORME,FAIBLE,1.0,RULE_EXPECTED_RETURN conforme. Valeur attendue pour expectedReturnDate: <VIDE>.,False,False
2747515,P,8.0,7.0,givenName,PrénomUsuel,Pre2747515,Pre2747515,Pre2747515,Pre2747515,Pre2747515,DIRECT,EXACT_MATCH,2.0,,,,DIRECT,,CONFORME,FAIBLE,1.0,La valeur du système A correspond exactement à la valeur du système B.,False,False
2747515,P,8.0,7.0,isPrimaryAssignment,,,,True,true,True,BUSINESS_RULE,RULE_MATCH,41.0,RULE_PRIMARY_ASSIGNMENT,Type d'affectation P/A/S,"{""TypeAffectation"": ""P""}",RULE,,CONFORME,FAIBLE,1.0,RULE_PRIMARY_ASSIGNMENT conforme. Valeur attendue pour isPrimaryAssignment: True.,False,False
2747515,P,8.0,7.0,isTemporaryAssignment,,,,False,false,False,BUSINESS_RULE,RULE_MATCH,41.0,RULE_TEMP_ASSIGNMENT,Type d'affectation P/A/S,"{""TypeAffectation"": ""P""}",RULE,,CONFORME,FAIBLE,1.0,RULE_TEMP_ASSIGNMENT conforme. Valeur attendue pour isTemporaryAssignment: False.,False,False
2747515,P,8.0,7.0,payGradeId,ÉchelleSalariale,223,223,223,223,223,DIRECT,EXACT_MATCH,49.0,,,,DIRECT,,CONFORME,FAIBLE,1.0,La valeur du système A correspond exactement à la valeur du système B.,False,False
2747515,P,8.0,7.0,personId,Matricule,2747515,2747515,2747515,2747515,2747515,DIRECT,EXACT_MATCH,8.0,,,,DIRECT,,CONFORME,FAIBLE,1.0,La valeur du système A correspond exactement à la valeur du système B.,False,False
2747515,P,8.0,7.0,positionCode,CodeEmploi,6203,6203,6203,6203,6203,DIRECT,EXACT_MATCH,16.0,,,,DIRECT,,CONFORME,FAIBLE,1.0,La valeur du système A correspond exactement à la valeur du système B.,False,False
2747515,P,8.0,7.0,positionId,CodeEmploi,6203,6203,6203,6203,6203,DIRECT,EXACT_MATCH,14.0,,,,DIRECT,,CONFORME,FAIBLE,1.0,La valeur du système A correspond exactement à la valeur du système B.,False,False
2747515,P,8.0,7.0,siteCode,CodeSite,48,48,48,48,48,DIRECT,EXACT_MATCH,10.0,,,,DIRECT,,CONFORME,FAIBLE,1.0,La valeur du système A correspond exactement à la valeur du système B.,False,False
2747515,P,8.0,7.0,siteName,LibelléSite,Emplacement48,Emplacement48,Emplacement48,Emplacement48,Emplacement48,DIRECT,EXACT_MATCH,9.0,,,,DIRECT,,CONFORME,FAIBLE,1.0,La valeur du système A correspond exactement à la valeur du système B.,False,False
2747515,P,8.0,7.0,statusReasonCode,,,,,,,BUSINESS_RULE,RULE_MATCH,17.0,RULE_STATUS_REASON,Motif de situation d'emploi,"{""CodeSuspensionAccès"": ""01"", ""CodeRaisonStatut"": ""703"", ""DateRetourAnticipée"": NaN}",RULE,,CONFORME,FAIBLE,1.0,RULE_STATUS_REASON conforme. Valeur attendue pour statusReasonCode: <VIDE>.,False,False
2747515,P,8.0,7.0,surname,NomFamille,Nom2747515,Nom2747515,Nom2747515,Nom2747515,Nom2747515,DIRECT,EXACT_MATCH,3.0,,,,DIRECT,,CONFORME,FAIBLE,1.0,La valeur du système A correspond exactement à la valeur du système B.,False,False
2747515,P,8.0,7.0,termEndDate,,,,,,,BUSINESS_RULE,RULE_MATCH,56.0,RULE_TERM_END,Date d'effet du détail du poste,"{""DateEntréePoste"": ""2009-03-30"", ""DateSortiePoste"": null, ""adminUnitStart"": ""1955-07-06"", ""adminUnitEnd"": null, ""jobDetailRows"": [40, 41, 42, 43, 44, 45, 46], ""CodePoste"": ""63970"", ""CodeEmploi"": ""6203"", ""CodeDirection"": ""348""}",RULE,,CONFORME,FAIBLE,1.0,RULE_TERM_END conforme. Valeur attendue pour termEndDate: <VIDE>.,False,False
2747515,P,8.0,7.0,weeklyHoursOverride,HeuresNormeHebdo,40,40.0,40.0,40,40.0,DIRECT,EXACT_MATCH,51.0,,,,DIRECT,,CONFORME,FAIBLE,1.0,La valeur du système A correspond exactement à la valeur du système B.,False,False
2762457,P,6.0,5.0,assignmentEndDate,,,,,,,BUSINESS_RULE,RULE_MATCH,53.0,RULE_ASSIGNMENT_END,Date d'expiration poste,"{""DateEntréePoste"": ""2009-03-30"", ""DateSortiePoste"": null, ""adminUnitStart"": ""1984-09-22"", ""adminUnitEnd"": null, ""jobDetailRows"": [29, 30, 31, 32, 33, 34, 35], ""CodePoste"": ""30106"", ""CodeEmploi"": ""6203"", ""CodeDirection"": ""348""}",RULE,,CONFORME,FAIBLE,1.0,RULE_ASSIGNMENT_END conforme. Valeur attendue pour assignmentEndDate: <VIDE>.,False,False
2762457,P,6.0,5.0,dailyHoursOverride,HeuresNormeQuotidienne,8,8.0,8.0,8,8.0,DIRECT,EXACT_MATCH,52.0,,,,DIRECT,,CONFORME,FAIBLE,1.0,La valeur du système A correspond exactement à la valeur du système B.,False,False
2762457,P,6.0,5.0,detailedStatus,,,,Actif,Actif,Actif,BUSINESS_RULE,RULE_MATCH,23.0,RULE_DETAILED_STATUS,Situation d'emploi,"{""CodeSuspensionAccès"": ""01"", ""CodeRaisonStatut"": ""703"", ""DateRetourAnticipée"": NaN}",RULE,,CONFORME,FAIBLE,1.0,RULE_DETAILED_STATUS conforme. Valeur attendue pour detailedStatus: 'Actif'.,False,False
2762457,P,6.0,5.0,divisionCode,CodeImputation,2950,2950,2950,2950,2950,DIRECT,EXACT_MATCH,13.0,,,,DIRECT,,CONFORME,FAIBLE,1.0,La valeur du système A correspond exactement à la valeur du système B.,False,False
2762457,P,6.0,5.0,divisionId,CodeDirection,348,348,348,348,348,DIRECT,EXACT_MATCH,11.0,,,,DIRECT,,CONFORME,FAIBLE,1.0,La valeur du système A correspond exactement à la valeur du système B.,False,False
2762457,P,6.0,5.0,divisionName,,,,00348-UnitAdmin00348,00348-UnitAdmin00348,00348-UnitAdmin00348,BUSINESS_RULE,RULE_MATCH,12.0,RULE_DIVISION_NAME,Concaténation unité administrative,"{""CodeDirection"": ""348"", ""CodeDirectionFormatted"": ""00348"", ""LibelléDirection"": ""UnitAdmin00348""}",RULE,,CONFORME,FAIBLE,1.0,RULE_DIVISION_NAME conforme. Valeur attendue pour divisionName: '00348-UnitAdmin00348'.,False,False
2762457,P,6.0,5.0,expectedReturnDate,,,,,,,BUSINESS_RULE,RULE_MATCH,22.0,RULE_EXPECTED_RETURN,Date de retour prévue,"{""CodeSuspensionAccès"": ""01"", ""CodeRaisonStatut"": ""703"", ""DateRetourAnticipée"": NaN}",RULE,,CONFORME,FAIBLE,1.0,RULE_EXPECTED_RETURN conforme. Valeur attendue pour expectedReturnDate: <VIDE>.,False,False
2762457,P,6.0,5.0,givenName,PrénomUsuel,Pre2762457,Pre2762457,Pre2762457,Pre2762457,Pre2762457,DIRECT,EXACT_MATCH,2.0,,,,DIRECT,,CONFORME,FAIBLE,1.0,La valeur du système A correspond exactement à la valeur du système B.,False,False
2762457,P,6.0,5.0,isPrimaryAssignment,,,,True,true,True,BUSINESS_RULE,RULE_MATCH,41.0,RULE_PRIMARY_ASSIGNMENT,Type d'affectation P/A/S,"{""TypeAffectation"": ""P""}",RULE,,CONFORME,FAIBLE,1.0,RULE_PRIMARY_ASSIGNMENT conforme. Valeur attendue pour isPrimaryAssignment: True.,False,False
2762457,P,6.0,5.0,isTemporaryAssignment,,,,False,false,False,BUSINESS_RULE,RULE_MATCH,41.0,RULE_TEMP_ASSIGNMENT,Type d'affectation P/A/S,"{""TypeAffectation"": ""P""}",RULE,,CONFORME,FAIBLE,1.0,RULE_TEMP_ASSIGNMENT conforme. Valeur attendue pour isTemporaryAssignment: False.,False,False
2762457,P,6.0,5.0,payGradeId,ÉchelleSalariale,223,223,223,223,223,DIRECT,EXACT_MATCH,49.0,,,,DIRECT,,CONFORME,FAIBLE,1.0,La valeur du système A correspond exactement à la valeur du système B.,False,False
2762457,P,6.0,5.0,personId,Matricule,2762457,2762457,2762457,2762457,2762457,DIRECT,EXACT_MATCH,8.0,,,,DIRECT,,CONFORME,FAIBLE,1.0,La valeur du système A correspond exactement à la valeur du système B.,False,False
2762457,P,6.0,5.0,positionCode,CodeEmploi,6203,6203,6203,6203,6203,DIRECT,EXACT_MATCH,16.0,,,,DIRECT,,CONFORME,FAIBLE,1.0,La valeur du système A correspond exactement à la valeur du système B.,False,False
2762457,P,6.0,5.0,positionId,CodeEmploi,6203,6203,6203,6203,6203,DIRECT,EXACT_MATCH,14.0,,,,DIRECT,,CONFORME,FAIBLE,1.0,La valeur du système A correspond exactement à la valeur du système B.,False,False
2762457,P,6.0,5.0,siteCode,CodeSite,48,48,48,48,48,DIRECT,EXACT_MATCH,10.0,,,,DIRECT,,CONFORME,FAIBLE,1.0,La valeur du système A correspond exactement à la valeur du système B.,False,False
2762457,P,6.0,5.0,siteName,LibelléSite,Emplacement48,Emplacement48,Emplacement48,Emplacement48,Emplacement48,DIRECT,EXACT_MATCH,9.0,,,,DIRECT,,CONFORME,FAIBLE,1.0,La valeur du système A correspond exactement à la valeur du système B.,False,False
2762457,P,6.0,5.0,statusReasonCode,,,,,,,BUSINESS_RULE,RULE_MATCH,17.0,RULE_STATUS_REASON,Motif de situation d'emploi,"{""CodeSuspensionAccès"": ""01"", ""CodeRaisonStatut"": ""703"", ""DateRetourAnticipée"": NaN}",RULE,,CONFORME,FAIBLE,1.0,RULE_STATUS_REASON conforme. Valeur attendue pour statusReasonCode: <VIDE>.,False,False
2762457,P,6.0,5.0,surname,NomFamille,Nom2762457,Nom2762457,Nom2762457,Nom2762457,Nom2762457,DIRECT,EXACT_MATCH,3.0,,,,DIRECT,,CONFORME,FAIBLE,1.0,La valeur du système A correspond exactement à la valeur du système B.,False,False
2762457,P,6.0,5.0,termEndDate,,,,,,,BUSINESS_RULE,RULE_MATCH,56.0,RULE_TERM_END,Date d'effet du détail du poste,"{""DateEntréePoste"": ""2009-03-30"", ""DateSortiePoste"": null, ""adminUnitStart"": ""1984-09-22"", ""adminUnitEnd"": null, ""jobDetailRows"": [29, 30, 31, 32, 33, 34, 35], ""CodePoste"": ""30106"", ""CodeEmploi"": ""6203"", ""CodeDirection"": ""348""}",RULE,,CONFORME,FAIBLE,1.0,RULE_TERM_END conforme. Valeur attendue pour termEndDate: <VIDE>.,False,False
2762457,P,6.0,5.0,weeklyHoursOverride,HeuresNormeHebdo,40,40.0,40.0,40,40.0,DIRECT,EXACT_MATCH,51.0,,,,DIRECT,,CONFORME,FAIBLE,1.0,La valeur du système A correspond exactement à la valeur du système B.,False,False
2911996,P,14.0,13.0,assignmentEndDate,,,,,,,BUSINESS_RULE,RULE_MATCH,53.0,RULE_ASSIGNMENT_END,Date d'expiration poste,"{""DateEntréePoste"": ""2000-04-01"", ""DateSortiePoste"": null, ""adminUnitStart"": ""1988-09-02"", ""adminUnitEnd"": null, ""jobDetailRows"": [71, 72, 73], ""CodePoste"": ""12548"", ""CodeEmploi"": ""6051"", ""CodeDirection"": ""307""}",RULE,,CONFORME,FAIBLE,1.0,RULE_ASSIGNMENT_END conforme. Valeur attendue pour assignmentEndDate: <VIDE>.,False,False
2911996,P,14.0,13.0,contractTypeCode,,,,JWN,JWN,JWN,BUSINESS_RULE,RULE_MATCH,24.0,RULE_CONTRACT_TYPE,Type d'employé,"{""CatégorieEmploi"": ""V"", ""EstPermanent"": true, ""EstTempsPlein"": true}",RULE,,CONFORME,FAIBLE,1.0,RULE_CONTRACT_TYPE conforme. Valeur attendue pour contractTypeCode: 'JWN'.,False,False
2911996,P,14.0,13.0,detailedStatus,,,,Absence complète,Absence complÃ¨te,Absence complète,BUSINESS_RULE,RULE_MATCH,23.0,RULE_DETAILED_STATUS,Situation d'emploi,"{""CodeSuspensionAccès"": ""02"", ""CodeRaisonStatut"": ""807"", ""DateRetourAnticipée"": ""2010-05-28""}",RULE,,CONFORME,FAIBLE,1.0,RULE_DETAILED_STATUS conforme. Valeur attendue pour detailedStatus: 'Absence complète'.,False,False
2911996,P,14.0,13.0,divisionCode,CodeImputation,2202,2202,2202,2202,2202,DIRECT,EXACT_MATCH,13.0,,,,DIRECT,,CONFORME,FAIBLE,1.0,La valeur du système A correspond exactement à la valeur du système B.,False,False
2911996,P,14.0,13.0,divisionId,CodeDirection,307,307,307,307,307,DIRECT,EXACT_MATCH,11.0,,,,DIRECT,,CONFORME,FAIBLE,1.0,La valeur du système A correspond exactement à la valeur du système B.,False,False
2911996,P,14.0,13.0,divisionName,,,,00307-UnitAdmin00307,00307-UnitAdmin00307,00307-UnitAdmin00307,BUSINESS_RULE,RULE_MATCH,12.0,RULE_DIVISION_NAME,Concaténation unité administrative,"{""CodeDirection"": ""307"", ""CodeDirectionFormatted"": ""00307"", ""LibelléDirection"": ""UnitAdmin00307""}",RULE,,CONFORME,FAIBLE,1.0,RULE_DIVISION_NAME conforme. Valeur attendue pour divisionName: '00307-UnitAdmin00307'.,False,False
2911996,P,14.0,13.0,expectedReturnDate,,,,2010-05-28,2010-05-28 00:00:00,2010-05-28,BUSINESS_RULE,RULE_MATCH,22.0,RULE_EXPECTED_RETURN,Date de retour prévue,"{""CodeSuspensionAccès"": ""02"", ""CodeRaisonStatut"": ""807"", ""DateRetourAnticipée"": ""2010-05-28""}",RULE,,CONFORME,FAIBLE,1.0,RULE_EXPECTED_RETURN conforme. Valeur attendue pour expectedReturnDate: '2010-05-28'.,False,False
2911996,P,14.0,13.0,givenName,PrénomUsuel,Pre2911996,Pre2911996,Pre2911996,Pre2911996,Pre2911996,DIRECT,EXACT_MATCH,2.0,,,,DIRECT,,CONFORME,FAIBLE,1.0,La valeur du système A correspond exactement à la valeur du système B.,False,False
2911996,P,14.0,13.0,isPrimaryAssignment,,,,True,true,True,BUSINESS_RULE,RULE_MATCH,41.0,RULE_PRIMARY_ASSIGNMENT,Type d'affectation P/A/S,"{""TypeAffectation"": ""P""}",RULE,,CONFORME,FAIBLE,1.0,RULE_PRIMARY_ASSIGNMENT conforme. Valeur attendue pour isPrimaryAssignment: True.,False,False
2911996,P,14.0,13.0,isTemporaryAssignment,,,,False,false,False,BUSINESS_RULE,RULE_MATCH,41.0,RULE_TEMP_ASSIGNMENT,Type d'affectation P/A/S,"{""TypeAffectation"": ""P""}",RULE,,CONFORME,FAIBLE,1.0,RULE_TEMP_ASSIGNMENT conforme. Valeur attendue pour isTemporaryAssignment: False.,False,False
2911996,P,14.0,13.0,payGradeId,ÉchelleSalariale,274,274,274,274,274,DIRECT,EXACT_MATCH,49.0,,,,DIRECT,,CONFORME,FAIBLE,1.0,La valeur du système A correspond exactement à la valeur du système B.,False,False
2911996,P,14.0,13.0,personId,Matricule,2911996,2911996,2911996,2911996,2911996,DIRECT,EXACT_MATCH,8.0,,,,DIRECT,,CONFORME,FAIBLE,1.0,La valeur du système A correspond exactement à la valeur du système B.,False,False
2911996,P,14.0,13.0,positionCode,CodeEmploi,6051,6051,6051,6051,6051,DIRECT,EXACT_MATCH,16.0,,,,DIRECT,,CONFORME,FAIBLE,1.0,La valeur du système A correspond exactement à la valeur du système B.,False,False
2911996,P,14.0,13.0,positionId,CodeEmploi,6051,6051,6051,6051,6051,DIRECT,EXACT_MATCH,14.0,,,,DIRECT,,CONFORME,FAIBLE,1.0,La valeur du système A correspond exactement à la valeur du système B.,False,False
2911996,P,14.0,13.0,siteCode,CodeSite,48,48,48,48,48,DIRECT,EXACT_MATCH,10.0,,,,DIRECT,,CONFORME,FAIBLE,1.0,La valeur du système A correspond exactement à la valeur du système B.,False,False
2911996,P,14.0,13.0,siteName,LibelléSite,Emplacement48,Emplacement48,Emplacement48,Emplacement48,Emplacement48,DIRECT,EXACT_MATCH,9.0,,,,DIRECT,,CONFORME,FAIBLE,1.0,La valeur du système A correspond exactement à la valeur du système B.,False,False
2911996,P,14.0,13.0,statusReasonCode,,,,170,170,170,BUSINESS_RULE,RULE_MATCH,17.0,RULE_STATUS_REASON,Motif de situation d'emploi,"{""CodeSuspensionAccès"": ""02"", ""CodeRaisonStatut"": ""807"", ""DateRetourAnticipée"": ""2010-05-28""}",RULE,,CONFORME,FAIBLE,1.0,RULE_STATUS_REASON conforme. Valeur attendue pour statusReasonCode: '170'.,False,False
2911996,P,14.0,13.0,surname,NomFamille,Nom2911996,Nom2911996,Nom2911996,Nom2911996,Nom2911996,DIRECT,EXACT_MATCH,3.0,,,,DIRECT,,CONFORME,FAIBLE,1.0,La valeur du système A correspond exactement à la valeur du système B.,False,False
2911996,P,14.0,13.0,termEndDate,,,,,,,BUSINESS_RULE,RULE_MATCH,56.0,RULE_TERM_END,Date d'effet du détail du poste,"{""DateEntréePoste"": ""2000-04-01"", ""DateSortiePoste"": null, ""adminUnitStart"": ""1988-09-02"", ""adminUnitEnd"": null, ""jobDetailRows"": [71, 72, 73], ""CodePoste"": ""12548"", ""CodeEmploi"": ""6051"", ""CodeDirection"": ""307""}",RULE,,CONFORME,FAIBLE,1.0,RULE_TERM_END conforme. Valeur attendue pour termEndDate: <VIDE>.,False,False
3241002,P,12.0,11.0,assignmentEndDate,,,,,,,BUSINESS_RULE,RULE_MATCH,53.0,RULE_ASSIGNMENT_END,Date d'expiration poste,"{""DateEntréePoste"": ""2009-03-30"", ""DateSortiePoste"": null, ""adminUnitStart"": ""2001-11-16"", ""adminUnitEnd"": null, ""jobDetailRows"": [58, 59, 60, 61, 62, 63, 64, 65, 66], ""CodePoste"": ""88622"", ""CodeEmploi"": ""6203"", ""CodeDirection"": ""348""}",RULE,,CONFORME,FAIBLE,1.0,RULE_ASSIGNMENT_END conforme. Valeur attendue pour assignmentEndDate: <VIDE>.,False,False
3241002,P,12.0,11.0,contractTypeCode,,,,JWN,JWN,JWN,BUSINESS_RULE,RULE_MATCH,24.0,RULE_CONTRACT_TYPE,Type d'employé,"{""CatégorieEmploi"": ""V"", ""EstPermanent"": true, ""EstTempsPlein"": true}",RULE,,CONFORME,FAIBLE,1.0,RULE_CONTRACT_TYPE conforme. Valeur attendue pour contractTypeCode: 'JWN'.,False,False
3241002,P,12.0,11.0,dailyHoursOverride,HeuresNormeQuotidienne,8,8.0,8.0,8,8.0,DIRECT,EXACT_MATCH,52.0,,,,DIRECT,,CONFORME,FAIBLE,1.0,La valeur du système A correspond exactement à la valeur du système B.,False,False
3241002,P,12.0,11.0,detailedStatus,,,,Actif,Actif,Actif,BUSINESS_RULE,RULE_MATCH,23.0,RULE_DETAILED_STATUS,Situation d'emploi,"{""CodeSuspensionAccès"": ""01"", ""CodeRaisonStatut"": ""703"", ""DateRetourAnticipée"": NaN}",RULE,,CONFORME,FAIBLE,1.0,RULE_DETAILED_STATUS conforme. Valeur attendue pour detailedStatus: 'Actif'.,False,False
3241002,P,12.0,11.0,divisionCode,CodeImputation,2950,2950,2950,2950,2950,DIRECT,EXACT_MATCH,13.0,,,,DIRECT,,CONFORME,FAIBLE,1.0,La valeur du système A correspond exactement à la valeur du système B.,False,False
3241002,P,12.0,11.0,divisionId,CodeDirection,348,348,348,348,348,DIRECT,EXACT_MATCH,11.0,,,,DIRECT,,CONFORME,FAIBLE,1.0,La valeur du système A correspond exactement à la valeur du système B.,False,False
3241002,P,12.0,11.0,divisionName,,,,00348-UnitAdmin00348,00348-UnitAdmin00348,00348-UnitAdmin00348,BUSINESS_RULE,RULE_MATCH,12.0,RULE_DIVISION_NAME,Concaténation unité administrative,"{""CodeDirection"": ""348"", ""CodeDirectionFormatted"": ""00348"", ""LibelléDirection"": ""UnitAdmin00348""}",RULE,,CONFORME,FAIBLE,1.0,RULE_DIVISION_NAME conforme. Valeur attendue pour divisionName: '00348-UnitAdmin00348'.,False,False
3241002,P,12.0,11.0,expectedReturnDate,,,,,,,BUSINESS_RULE,RULE_MATCH,22.0,RULE_EXPECTED_RETURN,Date de retour prévue,"{""CodeSuspensionAccès"": ""01"", ""CodeRaisonStatut"": ""703"", ""DateRetourAnticipée"": NaN}",RULE,,CONFORME,FAIBLE,1.0,RULE_EXPECTED_RETURN conforme. Valeur attendue pour expectedReturnDate: <VIDE>.,False,False
3241002,P,12.0,11.0,givenName,PrénomUsuel,Pre3241002,Pre3241002,Pre3241002,Pre3241002,Pre3241002,DIRECT,EXACT_MATCH,2.0,,,,DIRECT,,CONFORME,FAIBLE,1.0,La valeur du système A correspond exactement à la valeur du système B.,False,False
3241002,P,12.0,11.0,isPrimaryAssignment,,,,True,true,True,BUSINESS_RULE,RULE_MATCH,41.0,RULE_PRIMARY_ASSIGNMENT,Type d'affectation P/A/S,"{""TypeAffectation"": ""P""}",RULE,,CONFORME,FAIBLE,1.0,RULE_PRIMARY_ASSIGNMENT conforme. Valeur attendue pour isPrimaryAssignment: True.,False,False
3241002,P,12.0,11.0,isTemporaryAssignment,,,,False,false,False,BUSINESS_RULE,RULE_MATCH,41.0,RULE_TEMP_ASSIGNMENT,Type d'affectation P/A/S,"{""TypeAffectation"": ""P""}",RULE,,CONFORME,FAIBLE,1.0,RULE_TEMP_ASSIGNMENT conforme. Valeur attendue pour isTemporaryAssignment: False.,False,False
3241002,P,12.0,11.0,payGradeId,ÉchelleSalariale,223,223,223,223,223,DIRECT,EXACT_MATCH,49.0,,,,DIRECT,,CONFORME,FAIBLE,1.0,La valeur du système A correspond exactement à la valeur du système B.,False,False
3241002,P,12.0,11.0,personId,Matricule,3241002,3241002,3241002,3241002,3241002,DIRECT,EXACT_MATCH,8.0,,,,DIRECT,,CONFORME,FAIBLE,1.0,La valeur du système A correspond exactement à la valeur du système B.,False,False
3241002,P,12.0,11.0,positionCode,CodeEmploi,6203,6203,6203,6203,6203,DIRECT,EXACT_MATCH,16.0,,,,DIRECT,,CONFORME,FAIBLE,1.0,La valeur du système A correspond exactement à la valeur du système B.,False,False
3241002,P,12.0,11.0,positionId,CodeEmploi,6203,6203,6203,6203,6203,DIRECT,EXACT_MATCH,14.0,,,,DIRECT,,CONFORME,FAIBLE,1.0,La valeur du système A correspond exactement à la valeur du système B.,False,False
3241002,P,12.0,11.0,siteCode,CodeSite,48,48,48,48,48,DIRECT,EXACT_MATCH,10.0,,,,DIRECT,,CONFORME,FAIBLE,1.0,La valeur du système A correspond exactement à la valeur du système B.,False,False
3241002,P,12.0,11.0,statusReasonCode,,,,,,,BUSINESS_RULE,RULE_MATCH,17.0,RULE_STATUS_REASON,Motif de situation d'emploi,"{""CodeSuspensionAccès"": ""01"", ""CodeRaisonStatut"": ""703"", ""DateRetourAnticipée"": NaN}",RULE,,CONFORME,FAIBLE,1.0,RULE_STATUS_REASON conforme. Valeur attendue pour statusReasonCode: <VIDE>.,False,False
3241002,P,12.0,11.0,surname,NomFamille,Nom3241002,Nom3241002,Nom3241002,Nom3241002,Nom3241002,DIRECT,EXACT_MATCH,3.0,,,,DIRECT,,CONFORME,FAIBLE,1.0,La valeur du système A correspond exactement à la valeur du système B.,False,False
3241002,P,12.0,11.0,termEndDate,,,,,,,BUSINESS_RULE,RULE_MATCH,56.0,RULE_TERM_END,Date d'effet du détail du poste,"{""DateEntréePoste"": ""2009-03-30"", ""DateSortiePoste"": null, ""adminUnitStart"": ""2001-11-16"", ""adminUnitEnd"": null, ""jobDetailRows"": [58, 59, 60, 61, 62, 63, 64, 65, 66], ""CodePoste"": ""88622"", ""CodeEmploi"": ""6203"", ""CodeDirection"": ""348""}",RULE,,CONFORME,FAIBLE,1.0,RULE_TERM_END conforme. Valeur attendue pour termEndDate: <VIDE>.,False,False
3241002,P,12.0,11.0,weeklyHoursOverride,HeuresNormeHebdo,40,40.0,40.0,40,40.0,DIRECT,EXACT_MATCH,51.0,,,,DIRECT,,CONFORME,FAIBLE,1.0,La valeur du système A correspond exactement à la valeur du système B.,False,False
3712987,P,16.0,15.0,assignmentEndDate,,,,,,,BUSINESS_RULE,RULE_MATCH,53.0,RULE_ASSIGNMENT_END,Date d'expiration poste,"{""DateEntréePoste"": ""2016-05-09"", ""DateSortiePoste"": null, ""adminUnitStart"": ""1993-05-23"", ""adminUnitEnd"": null, ""jobDetailRows"": [79, 80, 81, 82, 83], ""CodePoste"": ""86337"", ""CodeEmploi"": ""6031"", ""CodeDirection"": ""371""}",RULE,,CONFORME,FAIBLE,1.0,RULE_ASSIGNMENT_END conforme. Valeur attendue pour assignmentEndDate: <VIDE>.,False,False
3712987,P,16.0,15.0,detailedStatus,,,,Actif,Actif,Actif,BUSINESS_RULE,RULE_MATCH,23.0,RULE_DETAILED_STATUS,Situation d'emploi,"{""CodeSuspensionAccès"": ""01"", ""CodeRaisonStatut"": ""703"", ""DateRetourAnticipée"": NaN}",RULE,,CONFORME,FAIBLE,1.0,RULE_DETAILED_STATUS conforme. Valeur attendue pour detailedStatus: 'Actif'.,False,False
3712987,P,16.0,15.0,divisionCode,CodeImputation,2883,2883,2883,2883,2883,DIRECT,EXACT_MATCH,13.0,,,,DIRECT,,CONFORME,FAIBLE,1.0,La valeur du système A correspond exactement à la valeur du système B.,False,False
3712987,P,16.0,15.0,divisionId,CodeDirection,371,371,371,371,371,DIRECT,EXACT_MATCH,11.0,,,,DIRECT,,CONFORME,FAIBLE,1.0,La valeur du système A correspond exactement à la valeur du système B.,False,False
3712987,P,16.0,15.0,divisionName,,,,00371-UnitAdmin00371,00371-UnitAdmin00371,00371-UnitAdmin00371,BUSINESS_RULE,RULE_MATCH,12.0,RULE_DIVISION_NAME,Concaténation unité administrative,"{""CodeDirection"": ""371"", ""CodeDirectionFormatted"": ""00371"", ""LibelléDirection"": ""UnitAdmin00371""}",RULE,,CONFORME,FAIBLE,1.0,RULE_DIVISION_NAME conforme. Valeur attendue pour divisionName: '00371-UnitAdmin00371'.,False,False
3712987,P,16.0,15.0,expectedReturnDate,,,,,,,BUSINESS_RULE,RULE_MATCH,22.0,RULE_EXPECTED_RETURN,Date de retour prévue,"{""CodeSuspensionAccès"": ""01"", ""CodeRaisonStatut"": ""703"", ""DateRetourAnticipée"": NaN}",RULE,,CONFORME,FAIBLE,1.0,RULE_EXPECTED_RETURN conforme. Valeur attendue pour expectedReturnDate: <VIDE>.,False,False
3712987,P,16.0,15.0,givenName,PrénomUsuel,Pre3712987,Pre3712987,Pre3712987,Pre3712987,Pre3712987,DIRECT,EXACT_MATCH,2.0,,,,DIRECT,,CONFORME,FAIBLE,1.0,La valeur du système A correspond exactement à la valeur du système B.,False,False
3712987,P,16.0,15.0,isPrimaryAssignment,,,,True,true,True,BUSINESS_RULE,RULE_MATCH,41.0,RULE_PRIMARY_ASSIGNMENT,Type d'affectation P/A/S,"{""TypeAffectation"": ""P""}",RULE,,CONFORME,FAIBLE,1.0,RULE_PRIMARY_ASSIGNMENT conforme. Valeur attendue pour isPrimaryAssignment: True.,False,False
3712987,P,16.0,15.0,isTemporaryAssignment,,,,False,false,False,BUSINESS_RULE,RULE_MATCH,41.0,RULE_TEMP_ASSIGNMENT,Type d'affectation P/A/S,"{""TypeAffectation"": ""P""}",RULE,,CONFORME,FAIBLE,1.0,RULE_TEMP_ASSIGNMENT conforme. Valeur attendue pour isTemporaryAssignment: False.,False,False
3712987,P,16.0,15.0,payGradeId,ÉchelleSalariale,293,293,293,293,293,DIRECT,EXACT_MATCH,49.0,,,,DIRECT,,CONFORME,FAIBLE,1.0,La valeur du système A correspond exactement à la valeur du système B.,False,False
3712987,P,16.0,15.0,personId,Matricule,3712987,3712987,3712987,3712987,3712987,DIRECT,EXACT_MATCH,8.0,,,,DIRECT,,CONFORME,FAIBLE,1.0,La valeur du système A correspond exactement à la valeur du système B.,False,False
3712987,P,16.0,15.0,positionCode,CodeEmploi,6031,6031,6031,6031,6031,DIRECT,EXACT_MATCH,16.0,,,,DIRECT,,CONFORME,FAIBLE,1.0,La valeur du système A correspond exactement à la valeur du système B.,False,False
3712987,P,16.0,15.0,positionId,CodeEmploi,6031,6031,6031,6031,6031,DIRECT,EXACT_MATCH,14.0,,,,DIRECT,,CONFORME,FAIBLE,1.0,La valeur du système A correspond exactement à la valeur du système B.,False,False
3712987,P,16.0,15.0,siteCode,CodeSite,48,48,48,48,48,DIRECT,EXACT_MATCH,10.0,,,,DIRECT,,CONFORME,FAIBLE,1.0,La valeur du système A correspond exactement à la valeur du système B.,False,False
3712987,P,16.0,15.0,siteName,LibelléSite,Emplacement48,Emplacement48,Emplacement48,Emplacement48,Emplacement48,DIRECT,EXACT_MATCH,9.0,,,,DIRECT,,CONFORME,FAIBLE,1.0,La valeur du système A correspond exactement à la valeur du système B.,False,False
3712987,P,16.0,15.0,statusReasonCode,,,,,,,BUSINESS_RULE,RULE_MATCH,17.0,RULE_STATUS_REASON,Motif de situation d'emploi,"{""CodeSuspensionAccès"": ""01"", ""CodeRaisonStatut"": ""703"", ""DateRetourAnticipée"": NaN}",RULE,,CONFORME,FAIBLE,1.0,RULE_STATUS_REASON conforme. Valeur attendue pour statusReasonCode: <VIDE>.,False,False
3712987,P,16.0,15.0,surname,NomFamille,Nom3712987,Nom3712987,Nom3712987,Nom3712987,Nom3712987,DIRECT,EXACT_MATCH,3.0,,,,DIRECT,,CONFORME,FAIBLE,1.0,La valeur du système A correspond exactement à la valeur du système B.,False,False
3712987,P,16.0,15.0,termEndDate,,,,,,,BUSINESS_RULE,RULE_MATCH,56.0,RULE_TERM_END,Date d'effet du détail du poste,"{""DateEntréePoste"": ""2016-05-09"", ""DateSortiePoste"": null, ""adminUnitStart"": ""1993-05-23"", ""adminUnitEnd"": null, ""jobDetailRows"": [79, 80, 81, 82, 83], ""CodePoste"": ""86337"", ""CodeEmploi"": ""6031"", ""CodeDirection"": ""371""}",RULE,,CONFORME,FAIBLE,1.0,RULE_TERM_END conforme. Valeur attendue pour termEndDate: <VIDE>.,False,False
4402456,P,15.0,14.0,assignmentEndDate,,,,,,,BUSINESS_RULE,RULE_MATCH,53.0,RULE_ASSIGNMENT_END,Date d'expiration poste,"{""DateEntréePoste"": ""2001-02-05"", ""DateSortiePoste"": null, ""adminUnitStart"": ""2002-06-10"", ""adminUnitEnd"": null, ""jobDetailRows"": [74, 75, 76, 77, 78], ""CodePoste"": ""26586"", ""CodeEmploi"": ""6031"", ""CodeDirection"": ""371""}",RULE,,CONFORME,FAIBLE,1.0,RULE_ASSIGNMENT_END conforme. Valeur attendue pour assignmentEndDate: <VIDE>.,False,False
4402456,P,15.0,14.0,contractTypeCode,,,,JWN,JWN,JWN,BUSINESS_RULE,RULE_MATCH,24.0,RULE_CONTRACT_TYPE,Type d'employé,"{""CatégorieEmploi"": ""V"", ""EstPermanent"": true, ""EstTempsPlein"": true}",RULE,,CONFORME,FAIBLE,1.0,RULE_CONTRACT_TYPE conforme. Valeur attendue pour contractTypeCode: 'JWN'.,False,False
4402456,P,15.0,14.0,detailedStatus,,,,Actif,Actif,Actif,BUSINESS_RULE,RULE_MATCH,23.0,RULE_DETAILED_STATUS,Situation d'emploi,"{""CodeSuspensionAccès"": ""01"", ""CodeRaisonStatut"": ""703"", ""DateRetourAnticipée"": NaN}",RULE,,CONFORME,FAIBLE,1.0,RULE_DETAILED_STATUS conforme. Valeur attendue pour detailedStatus: 'Actif'.,False,False
4402456,P,15.0,14.0,divisionCode,CodeImputation,2883,2883,2883,2883,2883,DIRECT,EXACT_MATCH,13.0,,,,DIRECT,,CONFORME,FAIBLE,1.0,La valeur du système A correspond exactement à la valeur du système B.,False,False
4402456,P,15.0,14.0,divisionId,CodeDirection,371,371,371,371,371,DIRECT,EXACT_MATCH,11.0,,,,DIRECT,,CONFORME,FAIBLE,1.0,La valeur du système A correspond exactement à la valeur du système B.,False,False
4402456,P,15.0,14.0,divisionName,,,,00371-UnitAdmin00371,00371-UnitAdmin00371,00371-UnitAdmin00371,BUSINESS_RULE,RULE_MATCH,12.0,RULE_DIVISION_NAME,Concaténation unité administrative,"{""CodeDirection"": ""371"", ""CodeDirectionFormatted"": ""00371"", ""LibelléDirection"": ""UnitAdmin00371""}",RULE,,CONFORME,FAIBLE,1.0,RULE_DIVISION_NAME conforme. Valeur attendue pour divisionName: '00371-UnitAdmin00371'.,False,False
4402456,P,15.0,14.0,expectedReturnDate,,,,,,,BUSINESS_RULE,RULE_MATCH,22.0,RULE_EXPECTED_RETURN,Date de retour prévue,"{""CodeSuspensionAccès"": ""01"", ""CodeRaisonStatut"": ""703"", ""DateRetourAnticipée"": NaN}",RULE,,CONFORME,FAIBLE,1.0,RULE_EXPECTED_RETURN conforme. Valeur attendue pour expectedReturnDate: <VIDE>.,False,False
4402456,P,15.0,14.0,givenName,PrénomUsuel,Pre4402456,Pre4402456,Pre4402456,Pre4402456,Pre4402456,DIRECT,EXACT_MATCH,2.0,,,,DIRECT,,CONFORME,FAIBLE,1.0,La valeur du système A correspond exactement à la valeur du système B.,False,False
4402456,P,15.0,14.0,isPrimaryAssignment,,,,True,true,True,BUSINESS_RULE,RULE_MATCH,41.0,RULE_PRIMARY_ASSIGNMENT,Type d'affectation P/A/S,"{""TypeAffectation"": ""P""}",RULE,,CONFORME,FAIBLE,1.0,RULE_PRIMARY_ASSIGNMENT conforme. Valeur attendue pour isPrimaryAssignment: True.,False,False
4402456,P,15.0,14.0,isTemporaryAssignment,,,,False,false,False,BUSINESS_RULE,RULE_MATCH,41.0,RULE_TEMP_ASSIGNMENT,Type d'affectation P/A/S,"{""TypeAffectation"": ""P""}",RULE,,CONFORME,FAIBLE,1.0,RULE_TEMP_ASSIGNMENT conforme. Valeur attendue pour isTemporaryAssignment: False.,False,False
4402456,P,15.0,14.0,payGradeId,ÉchelleSalariale,293,293,293,293,293,DIRECT,EXACT_MATCH,49.0,,,,DIRECT,,CONFORME,FAIBLE,1.0,La valeur du système A correspond exactement à la valeur du système B.,False,False
4402456,P,15.0,14.0,personId,Matricule,4402456,4402456,4402456,4402456,4402456,DIRECT,EXACT_MATCH,8.0,,,,DIRECT,,CONFORME,FAIBLE,1.0,La valeur du système A correspond exactement à la valeur du système B.,False,False
4402456,P,15.0,14.0,positionCode,CodeEmploi,6031,6031,6031,6031,6031,DIRECT,EXACT_MATCH,16.0,,,,DIRECT,,CONFORME,FAIBLE,1.0,La valeur du système A correspond exactement à la valeur du système B.,False,False
4402456,P,15.0,14.0,positionId,CodeEmploi,6031,6031,6031,6031,6031,DIRECT,EXACT_MATCH,14.0,,,,DIRECT,,CONFORME,FAIBLE,1.0,La valeur du système A correspond exactement à la valeur du système B.,False,False
4402456,P,15.0,14.0,siteCode,CodeSite,48,48,48,48,48,DIRECT,EXACT_MATCH,10.0,,,,DIRECT,,CONFORME,FAIBLE,1.0,La valeur du système A correspond exactement à la valeur du système B.,False,False
4402456,P,15.0,14.0,siteName,LibelléSite,Emplacement48,Emplacement48,Emplacement48,Emplacement48,Emplacement48,DIRECT,EXACT_MATCH,9.0,,,,DIRECT,,CONFORME,FAIBLE,1.0,La valeur du système A correspond exactement à la valeur du système B.,False,False
4402456,P,15.0,14.0,statusReasonCode,,,,,,,BUSINESS_RULE,RULE_MATCH,17.0,RULE_STATUS_REASON,Motif de situation d'emploi,"{""CodeSuspensionAccès"": ""01"", ""CodeRaisonStatut"": ""703"", ""DateRetourAnticipée"": NaN}",RULE,,CONFORME,FAIBLE,1.0,RULE_STATUS_REASON conforme. Valeur attendue pour statusReasonCode: <VIDE>.,False,False
4402456,P,15.0,14.0,surname,NomFamille,Nom4402456,Nom4402456,Nom4402456,Nom4402456,Nom4402456,DIRECT,EXACT_MATCH,3.0,,,,DIRECT,,CONFORME,FAIBLE,1.0,La valeur du système A correspond exactement à la valeur du système B.,False,False
4402456,P,15.0,14.0,termEndDate,,,,,,,BUSINESS_RULE,RULE_MATCH,56.0,RULE_TERM_END,Date d'effet du détail du poste,"{""DateEntréePoste"": ""2001-02-05"", ""DateSortiePoste"": null, ""adminUnitStart"": ""2002-06-10"", ""adminUnitEnd"": null, ""jobDetailRows"": [74, 75, 76, 77, 78], ""CodePoste"": ""26586"", ""CodeEmploi"": ""6031"", ""CodeDirection"": ""371""}",RULE,,CONFORME,FAIBLE,1.0,RULE_TERM_END conforme. Valeur attendue pour termEndDate: <VIDE>.,False,False
4625374,P,7.0,6.0,assignmentEndDate,,,,,,,BUSINESS_RULE,RULE_MATCH,53.0,RULE_ASSIGNMENT_END,Date d'expiration poste,"{""DateEntréePoste"": ""2025-03-24"", ""DateSortiePoste"": null, ""adminUnitStart"": ""1950-08-09"", ""adminUnitEnd"": null, ""jobDetailRows"": [36, 37, 38, 39], ""CodePoste"": ""43478"", ""CodeEmploi"": ""6203"", ""CodeDirection"": ""348""}",RULE,,CONFORME,FAIBLE,1.0,RULE_ASSIGNMENT_END conforme. Valeur attendue pour assignmentEndDate: <VIDE>.,False,False
4625374,P,7.0,6.0,dailyHoursOverride,HeuresNormeQuotidienne,8,8.0,8.0,8,8.0,DIRECT,EXACT_MATCH,52.0,,,,DIRECT,,CONFORME,FAIBLE,1.0,La valeur du système A correspond exactement à la valeur du système B.,False,False
4625374,P,7.0,6.0,detailedStatus,,,,Actif,Actif,Actif,BUSINESS_RULE,RULE_MATCH,23.0,RULE_DETAILED_STATUS,Situation d'emploi,"{""CodeSuspensionAccès"": ""01"", ""CodeRaisonStatut"": ""651"", ""DateRetourAnticipée"": NaN}",RULE,,CONFORME,FAIBLE,1.0,RULE_DETAILED_STATUS conforme. Valeur attendue pour detailedStatus: 'Actif'.,False,False
4625374,P,7.0,6.0,divisionCode,CodeImputation,2950,2950,2950,2950,2950,DIRECT,EXACT_MATCH,13.0,,,,DIRECT,,CONFORME,FAIBLE,1.0,La valeur du système A correspond exactement à la valeur du système B.,False,False
4625374,P,7.0,6.0,divisionId,CodeDirection,348,348,348,348,348,DIRECT,EXACT_MATCH,11.0,,,,DIRECT,,CONFORME,FAIBLE,1.0,La valeur du système A correspond exactement à la valeur du système B.,False,False
4625374,P,7.0,6.0,divisionName,,,,00348-UnitAdmin00348,00348-UnitAdmin00348,00348-UnitAdmin00348,BUSINESS_RULE,RULE_MATCH,12.0,RULE_DIVISION_NAME,Concaténation unité administrative,"{""CodeDirection"": ""348"", ""CodeDirectionFormatted"": ""00348"", ""LibelléDirection"": ""UnitAdmin00348""}",RULE,,CONFORME,FAIBLE,1.0,RULE_DIVISION_NAME conforme. Valeur attendue pour divisionName: '00348-UnitAdmin00348'.,False,False
4625374,P,7.0,6.0,expectedReturnDate,,,,,,,BUSINESS_RULE,RULE_MATCH,22.0,RULE_EXPECTED_RETURN,Date de retour prévue,"{""CodeSuspensionAccès"": ""01"", ""CodeRaisonStatut"": ""651"", ""DateRetourAnticipée"": NaN}",RULE,,CONFORME,FAIBLE,1.0,RULE_EXPECTED_RETURN conforme. Valeur attendue pour expectedReturnDate: <VIDE>.,False,False
4625374,P,7.0,6.0,givenName,PrénomUsuel,Pre4625374,Pre4625374,Pre4625374,Pre4625374,Pre4625374,DIRECT,EXACT_MATCH,2.0,,,,DIRECT,,CONFORME,FAIBLE,1.0,La valeur du système A correspond exactement à la valeur du système B.,False,False
4625374,P,7.0,6.0,isPrimaryAssignment,,,,True,true,True,BUSINESS_RULE,RULE_MATCH,41.0,RULE_PRIMARY_ASSIGNMENT,Type d'affectation P/A/S,"{""TypeAffectation"": ""P""}",RULE,,CONFORME,FAIBLE,1.0,RULE_PRIMARY_ASSIGNMENT conforme. Valeur attendue pour isPrimaryAssignment: True.,False,False
4625374,P,7.0,6.0,isTemporaryAssignment,,,,False,false,False,BUSINESS_RULE,RULE_MATCH,41.0,RULE_TEMP_ASSIGNMENT,Type d'affectation P/A/S,"{""TypeAffectation"": ""P""}",RULE,,CONFORME,FAIBLE,1.0,RULE_TEMP_ASSIGNMENT conforme. Valeur attendue pour isTemporaryAssignment: False.,False,False
4625374,P,7.0,6.0,payGradeId,ÉchelleSalariale,223,223,223,223,223,DIRECT,EXACT_MATCH,49.0,,,,DIRECT,,CONFORME,FAIBLE,1.0,La valeur du système A correspond exactement à la valeur du système B.,False,False
4625374,P,7.0,6.0,personId,Matricule,4625374,4625374,4625374,4625374,4625374,DIRECT,EXACT_MATCH,8.0,,,,DIRECT,,CONFORME,FAIBLE,1.0,La valeur du système A correspond exactement à la valeur du système B.,False,False
4625374,P,7.0,6.0,positionCode,CodeEmploi,6203,6203,6203,6203,6203,DIRECT,EXACT_MATCH,16.0,,,,DIRECT,,CONFORME,FAIBLE,1.0,La valeur du système A correspond exactement à la valeur du système B.,False,False
4625374,P,7.0,6.0,positionId,CodeEmploi,6203,6203,6203,6203,6203,DIRECT,EXACT_MATCH,14.0,,,,DIRECT,,CONFORME,FAIBLE,1.0,La valeur du système A correspond exactement à la valeur du système B.,False,False
4625374,P,7.0,6.0,siteCode,CodeSite,48,48,48,48,48,DIRECT,EXACT_MATCH,10.0,,,,DIRECT,,CONFORME,FAIBLE,1.0,La valeur du système A correspond exactement à la valeur du système B.,False,False
4625374,P,7.0,6.0,siteName,LibelléSite,Emplacement48,Emplacement48,Emplacement48,Emplacement48,Emplacement48,DIRECT,EXACT_MATCH,9.0,,,,DIRECT,,CONFORME,FAIBLE,1.0,La valeur du système A correspond exactement à la valeur du système B.,False,False
4625374,P,7.0,6.0,statusReasonCode,,,,,,,BUSINESS_RULE,RULE_MATCH,17.0,RULE_STATUS_REASON,Motif de situation d'emploi,"{""CodeSuspensionAccès"": ""01"", ""CodeRaisonStatut"": ""651"", ""DateRetourAnticipée"": NaN}",RULE,,CONFORME,FAIBLE,1.0,RULE_STATUS_REASON conforme. Valeur attendue pour statusReasonCode: <VIDE>.,False,False
4625374,P,7.0,6.0,surname,NomFamille,Nom4625374,Nom4625374,Nom4625374,Nom4625374,Nom4625374,DIRECT,EXACT_MATCH,3.0,,,,DIRECT,,CONFORME,FAIBLE,1.0,La valeur du système A correspond exactement à la valeur du système B.,False,False
4625374,P,7.0,6.0,termEndDate,,,,,,,BUSINESS_RULE,RULE_MATCH,56.0,RULE_TERM_END,Date d'effet du détail du poste,"{""DateEntréePoste"": ""2025-03-24"", ""DateSortiePoste"": null, ""adminUnitStart"": ""1950-08-09"", ""adminUnitEnd"": null, ""jobDetailRows"": [36, 37, 38, 39], ""CodePoste"": ""43478"", ""CodeEmploi"": ""6203"", ""CodeDirection"": ""348""}",RULE,,CONFORME,FAIBLE,1.0,RULE_TERM_END conforme. Valeur attendue pour termEndDate: <VIDE>.,False,False
4625374,P,7.0,6.0,weeklyHoursOverride,HeuresNormeHebdo,40,40.0,40.0,40,40.0,DIRECT,EXACT_MATCH,51.0,,,,DIRECT,,CONFORME,FAIBLE,1.0,La valeur du système A correspond exactement à la valeur du système B.,False,False
4880692,P,9.0,8.0,assignmentEndDate,,,,,,,BUSINESS_RULE,RULE_MATCH,53.0,RULE_ASSIGNMENT_END,Date d'expiration poste,"{""DateEntréePoste"": ""2009-03-30"", ""DateSortiePoste"": null, ""adminUnitStart"": ""1969-04-04"", ""adminUnitEnd"": null, ""jobDetailRows"": [47, 48, 49, 50, 51, 52, 53], ""CodePoste"": ""35161"", ""CodeEmploi"": ""6203"", ""CodeDirection"": ""348""}",RULE,,CONFORME,FAIBLE,1.0,RULE_ASSIGNMENT_END conforme. Valeur attendue pour assignmentEndDate: <VIDE>.,False,False
4880692,P,9.0,8.0,contractTypeCode,,,,JWN,JWN,JWN,BUSINESS_RULE,RULE_MATCH,24.0,RULE_CONTRACT_TYPE,Type d'employé,"{""CatégorieEmploi"": ""V"", ""EstPermanent"": true, ""EstTempsPlein"": true}",RULE,,CONFORME,FAIBLE,1.0,RULE_CONTRACT_TYPE conforme. Valeur attendue pour contractTypeCode: 'JWN'.,False,False
4880692,P,9.0,8.0,dailyHoursOverride,HeuresNormeQuotidienne,8,8.0,8.0,8,8.0,DIRECT,EXACT_MATCH,52.0,,,,DIRECT,,CONFORME,FAIBLE,1.0,La valeur du système A correspond exactement à la valeur du système B.,False,False
4880692,P,9.0,8.0,detailedStatus,,,,Actif,Actif,Actif,BUSINESS_RULE,RULE_MATCH,23.0,RULE_DETAILED_STATUS,Situation d'emploi,"{""CodeSuspensionAccès"": ""01"", ""CodeRaisonStatut"": ""703"", ""DateRetourAnticipée"": NaN}",RULE,,CONFORME,FAIBLE,1.0,RULE_DETAILED_STATUS conforme. Valeur attendue pour detailedStatus: 'Actif'.,False,False
4880692,P,9.0,8.0,divisionCode,CodeImputation,2950,2950,2950,2950,2950,DIRECT,EXACT_MATCH,13.0,,,,DIRECT,,CONFORME,FAIBLE,1.0,La valeur du système A correspond exactement à la valeur du système B.,False,False
4880692,P,9.0,8.0,divisionId,CodeDirection,348,348,348,348,348,DIRECT,EXACT_MATCH,11.0,,,,DIRECT,,CONFORME,FAIBLE,1.0,La valeur du système A correspond exactement à la valeur du système B.,False,False
4880692,P,9.0,8.0,divisionName,,,,00348-UnitAdmin00348,00348-UnitAdmin00348,00348-UnitAdmin00348,BUSINESS_RULE,RULE_MATCH,12.0,RULE_DIVISION_NAME,Concaténation unité administrative,"{""CodeDirection"": ""348"", ""CodeDirectionFormatted"": ""00348"", ""LibelléDirection"": ""UnitAdmin00348""}",RULE,,CONFORME,FAIBLE,1.0,RULE_DIVISION_NAME conforme. Valeur attendue pour divisionName: '00348-UnitAdmin00348'.,False,False
4880692,P,9.0,8.0,expectedReturnDate,,,,,,,BUSINESS_RULE,RULE_MATCH,22.0,RULE_EXPECTED_RETURN,Date de retour prévue,"{""CodeSuspensionAccès"": ""01"", ""CodeRaisonStatut"": ""703"", ""DateRetourAnticipée"": NaN}",RULE,,CONFORME,FAIBLE,1.0,RULE_EXPECTED_RETURN conforme. Valeur attendue pour expectedReturnDate: <VIDE>.,False,False
4880692,P,9.0,8.0,givenName,PrénomUsuel,Pre4880692,Pre4880692,Pre4880692,Pre4880692,Pre4880692,DIRECT,EXACT_MATCH,2.0,,,,DIRECT,,CONFORME,FAIBLE,1.0,La valeur du système A correspond exactement à la valeur du système B.,False,False
4880692,P,9.0,8.0,isPrimaryAssignment,,,,True,true,True,BUSINESS_RULE,RULE_MATCH,41.0,RULE_PRIMARY_ASSIGNMENT,Type d'affectation P/A/S,"{""TypeAffectation"": ""P""}",RULE,,CONFORME,FAIBLE,1.0,RULE_PRIMARY_ASSIGNMENT conforme. Valeur attendue pour isPrimaryAssignment: True.,False,False
4880692,P,9.0,8.0,isTemporaryAssignment,,,,False,false,False,BUSINESS_RULE,RULE_MATCH,41.0,RULE_TEMP_ASSIGNMENT,Type d'affectation P/A/S,"{""TypeAffectation"": ""P""}",RULE,,CONFORME,FAIBLE,1.0,RULE_TEMP_ASSIGNMENT conforme. Valeur attendue pour isTemporaryAssignment: False.,False,False
4880692,P,9.0,8.0,payGradeId,ÉchelleSalariale,223,223,223,223,223,DIRECT,EXACT_MATCH,49.0,,,,DIRECT,,CONFORME,FAIBLE,1.0,La valeur du système A correspond exactement à la valeur du système B.,False,False
4880692,P,9.0,8.0,personId,Matricule,4880692,4880692,4880692,4880692,4880692,DIRECT,EXACT_MATCH,8.0,,,,DIRECT,,CONFORME,FAIBLE,1.0,La valeur du système A correspond exactement à la valeur du système B.,False,False
4880692,P,9.0,8.0,positionCode,CodeEmploi,6203,6203,6203,6203,6203,DIRECT,EXACT_MATCH,16.0,,,,DIRECT,,CONFORME,FAIBLE,1.0,La valeur du système A correspond exactement à la valeur du système B.,False,False
4880692,P,9.0,8.0,positionId,CodeEmploi,6203,6203,6203,6203,6203,DIRECT,EXACT_MATCH,14.0,,,,DIRECT,,CONFORME,FAIBLE,1.0,La valeur du système A correspond exactement à la valeur du système B.,False,False
4880692,P,9.0,8.0,siteCode,CodeSite,48,48,48,48,48,DIRECT,EXACT_MATCH,10.0,,,,DIRECT,,CONFORME,FAIBLE,1.0,La valeur du système A correspond exactement à la valeur du système B.,False,False
4880692,P,9.0,8.0,siteName,LibelléSite,Emplacement48,Emplacement48,Emplacement48,Emplacement48,Emplacement48,DIRECT,EXACT_MATCH,9.0,,,,DIRECT,,CONFORME,FAIBLE,1.0,La valeur du système A correspond exactement à la valeur du système B.,False,False
4880692,P,9.0,8.0,statusReasonCode,,,,,,,BUSINESS_RULE,RULE_MATCH,17.0,RULE_STATUS_REASON,Motif de situation d'emploi,"{""CodeSuspensionAccès"": ""01"", ""CodeRaisonStatut"": ""703"", ""DateRetourAnticipée"": NaN}",RULE,,CONFORME,FAIBLE,1.0,RULE_STATUS_REASON conforme. Valeur attendue pour statusReasonCode: <VIDE>.,False,False
4880692,P,9.0,8.0,surname,NomFamille,Nom4880692,Nom4880692,Nom4880692,Nom4880692,Nom4880692,DIRECT,EXACT_MATCH,3.0,,,,DIRECT,,CONFORME,FAIBLE,1.0,La valeur du système A correspond exactement à la valeur du système B.,False,False
4880692,P,9.0,8.0,termEndDate,,,,,,,BUSINESS_RULE,RULE_MATCH,56.0,RULE_TERM_END,Date d'effet du détail du poste,"{""DateEntréePoste"": ""2009-03-30"", ""DateSortiePoste"": null, ""adminUnitStart"": ""1969-04-04"", ""adminUnitEnd"": null, ""jobDetailRows"": [47, 48, 49, 50, 51, 52, 53], ""CodePoste"": ""35161"", ""CodeEmploi"": ""6203"", ""CodeDirection"": ""348""}",RULE,,CONFORME,FAIBLE,1.0,RULE_TERM_END conforme. Valeur attendue pour termEndDate: <VIDE>.,False,False
4880692,P,9.0,8.0,weeklyHoursOverride,HeuresNormeHebdo,40,40.0,40.0,40,40.0,DIRECT,EXACT_MATCH,51.0,,,,DIRECT,,CONFORME,FAIBLE,1.0,La valeur du système A correspond exactement à la valeur du système B.,False,False
6035643,P,11.0,10.0,assignmentEndDate,,,,,,,BUSINESS_RULE,RULE_MATCH,53.0,RULE_ASSIGNMENT_END,Date d'expiration poste,"{""DateEntréePoste"": ""2023-02-13"", ""DateSortiePoste"": null, ""adminUnitStart"": ""1960-12-04"", ""adminUnitEnd"": null, ""jobDetailRows"": [57], ""CodePoste"": ""47056"", ""CodeEmploi"": ""6622"", ""CodeDirection"": ""392""}",RULE,,CONFORME,FAIBLE,1.0,RULE_ASSIGNMENT_END conforme. Valeur attendue pour assignmentEndDate: <VIDE>.,False,False
6035643,P,11.0,10.0,contractTypeCode,,,,JWN,JWN,JWN,BUSINESS_RULE,RULE_MATCH,24.0,RULE_CONTRACT_TYPE,Type d'employé,"{""CatégorieEmploi"": ""V"", ""EstPermanent"": true, ""EstTempsPlein"": true}",RULE,,CONFORME,FAIBLE,1.0,RULE_CONTRACT_TYPE conforme. Valeur attendue pour contractTypeCode: 'JWN'.,False,False
6035643,P,11.0,10.0,dailyHoursOverride,HeuresNormeQuotidienne,8,8.0,8.0,8,8.0,DIRECT,EXACT_MATCH,52.0,,,,DIRECT,,CONFORME,FAIBLE,1.0,La valeur du système A correspond exactement à la valeur du système B.,False,False
6035643,P,11.0,10.0,detailedStatus,,,,Actif,Actif,Actif,BUSINESS_RULE,RULE_MATCH,23.0,RULE_DETAILED_STATUS,Situation d'emploi,"{""CodeSuspensionAccès"": ""01"", ""CodeRaisonStatut"": ""703"", ""DateRetourAnticipée"": NaN}",RULE,,CONFORME,FAIBLE,1.0,RULE_DETAILED_STATUS conforme. Valeur attendue pour detailedStatus: 'Actif'.,False,False
6035643,P,11.0,10.0,divisionCode,CodeImputation,2060,2060,2060,2060,2060,DIRECT,EXACT_MATCH,13.0,,,,DIRECT,,CONFORME,FAIBLE,1.0,La valeur du système A correspond exactement à la valeur du système B.,False,False
6035643,P,11.0,10.0,divisionId,CodeDirection,392,392,392,392,392,DIRECT,EXACT_MATCH,11.0,,,,DIRECT,,CONFORME,FAIBLE,1.0,La valeur du système A correspond exactement à la valeur du système B.,False,False
6035643,P,11.0,10.0,divisionName,,,,00392-UnitAdmin00392,00392-UnitAdmin00392,00392-UnitAdmin00392,BUSINESS_RULE,RULE_MATCH,12.0,RULE_DIVISION_NAME,Concaténation unité administrative,"{""CodeDirection"": ""392"", ""CodeDirectionFormatted"": ""00392"", ""LibelléDirection"": ""UnitAdmin00392""}",RULE,,CONFORME,FAIBLE,1.0,RULE_DIVISION_NAME conforme. Valeur attendue pour divisionName: '00392-UnitAdmin00392'.,False,False
6035643,P,11.0,10.0,expectedReturnDate,,,,,,,BUSINESS_RULE,RULE_MATCH,22.0,RULE_EXPECTED_RETURN,Date de retour prévue,"{""CodeSuspensionAccès"": ""01"", ""CodeRaisonStatut"": ""703"", ""DateRetourAnticipée"": NaN}",RULE,,CONFORME,FAIBLE,1.0,RULE_EXPECTED_RETURN conforme. Valeur attendue pour expectedReturnDate: <VIDE>.,False,False
6035643,P,11.0,10.0,givenName,PrénomUsuel,Pre6035643,Pre6035643,Pre6035643,Pre6035643,Pre6035643,DIRECT,EXACT_MATCH,2.0,,,,DIRECT,,CONFORME,FAIBLE,1.0,La valeur du système A correspond exactement à la valeur du système B.,False,False
6035643,P,11.0,10.0,isPrimaryAssignment,,,,True,true,True,BUSINESS_RULE,RULE_MATCH,41.0,RULE_PRIMARY_ASSIGNMENT,Type d'affectation P/A/S,"{""TypeAffectation"": ""P""}",RULE,,CONFORME,FAIBLE,1.0,RULE_PRIMARY_ASSIGNMENT conforme. Valeur attendue pour isPrimaryAssignment: True.,False,False
6035643,P,11.0,10.0,isTemporaryAssignment,,,,False,false,False,BUSINESS_RULE,RULE_MATCH,41.0,RULE_TEMP_ASSIGNMENT,Type d'affectation P/A/S,"{""TypeAffectation"": ""P""}",RULE,,CONFORME,FAIBLE,1.0,RULE_TEMP_ASSIGNMENT conforme. Valeur attendue pour isTemporaryAssignment: False.,False,False
6035643,P,11.0,10.0,payGradeId,ÉchelleSalariale,260,260,260,260,260,DIRECT,EXACT_MATCH,49.0,,,,DIRECT,,CONFORME,FAIBLE,1.0,La valeur du système A correspond exactement à la valeur du système B.,False,False
6035643,P,11.0,10.0,personId,Matricule,6035643,6035643,6035643,6035643,6035643,DIRECT,EXACT_MATCH,8.0,,,,DIRECT,,CONFORME,FAIBLE,1.0,La valeur du système A correspond exactement à la valeur du système B.,False,False
6035643,P,11.0,10.0,positionCode,CodeEmploi,6622,6622,6622,6622,6622,DIRECT,EXACT_MATCH,16.0,,,,DIRECT,,CONFORME,FAIBLE,1.0,La valeur du système A correspond exactement à la valeur du système B.,False,False
6035643,P,11.0,10.0,positionId,CodeEmploi,6622,6622,6622,6622,6622,DIRECT,EXACT_MATCH,14.0,,,,DIRECT,,CONFORME,FAIBLE,1.0,La valeur du système A correspond exactement à la valeur du système B.,False,False
6035643,P,11.0,10.0,siteCode,CodeSite,35,35,35,35,35,DIRECT,EXACT_MATCH,10.0,,,,DIRECT,,CONFORME,FAIBLE,1.0,La valeur du système A correspond exactement à la valeur du système B.,False,False
6035643,P,11.0,10.0,statusReasonCode,,,,,,,BUSINESS_RULE,RULE_MATCH,17.0,RULE_STATUS_REASON,Motif de situation d'emploi,"{""CodeSuspensionAccès"": ""01"", ""CodeRaisonStatut"": ""703"", ""DateRetourAnticipée"": NaN}",RULE,,CONFORME,FAIBLE,1.0,RULE_STATUS_REASON conforme. Valeur attendue pour statusReasonCode: <VIDE>.,False,False
6035643,P,11.0,10.0,surname,NomFamille,Nom6035643,Nom6035643,Nom6035643,Nom6035643,Nom6035643,DIRECT,EXACT_MATCH,3.0,,,,DIRECT,,CONFORME,FAIBLE,1.0,La valeur du système A correspond exactement à la valeur du système B.,False,False
6035643,P,11.0,10.0,termEndDate,,,,,,,BUSINESS_RULE,RULE_MATCH,56.0,RULE_TERM_END,Date d'effet du détail du poste,"{""DateEntréePoste"": ""2023-02-13"", ""DateSortiePoste"": null, ""adminUnitStart"": ""1960-12-04"", ""adminUnitEnd"": null, ""jobDetailRows"": [57], ""CodePoste"": ""47056"", ""CodeEmploi"": ""6622"", ""CodeDirection"": ""392""}",RULE,,CONFORME,FAIBLE,1.0,RULE_TERM_END conforme. Valeur attendue pour termEndDate: <VIDE>.,False,False
6035643,P,11.0,10.0,weeklyHoursOverride,HeuresNormeHebdo,40,40.0,40.0,40,40.0,DIRECT,EXACT_MATCH,51.0,,,,DIRECT,,CONFORME,FAIBLE,1.0,La valeur du système A correspond exactement à la valeur du système B.,False,False
6783031,P,5.0,4.0,assignmentEndDate,,,,,,,BUSINESS_RULE,RULE_MATCH,53.0,RULE_ASSIGNMENT_END,Date d'expiration poste,"{""DateEntréePoste"": ""2009-03-30"", ""DateSortiePoste"": null, ""adminUnitStart"": ""1987-01-12"", ""adminUnitEnd"": null, ""jobDetailRows"": [23, 24, 25, 26, 27, 28], ""CodePoste"": ""23999"", ""CodeEmploi"": ""6203"", ""CodeDirection"": ""348""}",RULE,,CONFORME,FAIBLE,1.0,RULE_ASSIGNMENT_END conforme. Valeur attendue pour assignmentEndDate: <VIDE>.,False,False
6783031,P,5.0,4.0,contractTypeCode,,,,JWN,JWN,JWN,BUSINESS_RULE,RULE_MATCH,24.0,RULE_CONTRACT_TYPE,Type d'employé,"{""CatégorieEmploi"": ""V"", ""EstPermanent"": true, ""EstTempsPlein"": true}",RULE,,CONFORME,FAIBLE,1.0,RULE_CONTRACT_TYPE conforme. Valeur attendue pour contractTypeCode: 'JWN'.,False,False
6783031,P,5.0,4.0,dailyHoursOverride,HeuresNormeQuotidienne,8,8.0,8.0,8,8.0,DIRECT,EXACT_MATCH,52.0,,,,DIRECT,,CONFORME,FAIBLE,1.0,La valeur du système A correspond exactement à la valeur du système B.,False,False
6783031,P,5.0,4.0,detailedStatus,,,,Actif,Actif,Actif,BUSINESS_RULE,RULE_MATCH,23.0,RULE_DETAILED_STATUS,Situation d'emploi,"{""CodeSuspensionAccès"": ""01"", ""CodeRaisonStatut"": ""703"", ""DateRetourAnticipée"": NaN}",RULE,,CONFORME,FAIBLE,1.0,RULE_DETAILED_STATUS conforme. Valeur attendue pour detailedStatus: 'Actif'.,False,False
6783031,P,5.0,4.0,divisionCode,CodeImputation,2950,2950,2950,2950,2950,DIRECT,EXACT_MATCH,13.0,,,,DIRECT,,CONFORME,FAIBLE,1.0,La valeur du système A correspond exactement à la valeur du système B.,False,False
6783031,P,5.0,4.0,divisionId,CodeDirection,348,348,348,348,348,DIRECT,EXACT_MATCH,11.0,,,,DIRECT,,CONFORME,FAIBLE,1.0,La valeur du système A correspond exactement à la valeur du système B.,False,False
6783031,P,5.0,4.0,divisionName,,,,00348-UnitAdmin00348,00348-UnitAdmin00348,00348-UnitAdmin00348,BUSINESS_RULE,RULE_MATCH,12.0,RULE_DIVISION_NAME,Concaténation unité administrative,"{""CodeDirection"": ""348"", ""CodeDirectionFormatted"": ""00348"", ""LibelléDirection"": ""UnitAdmin00348""}",RULE,,CONFORME,FAIBLE,1.0,RULE_DIVISION_NAME conforme. Valeur attendue pour divisionName: '00348-UnitAdmin00348'.,False,False
6783031,P,5.0,4.0,expectedReturnDate,,,,,,,BUSINESS_RULE,RULE_MATCH,22.0,RULE_EXPECTED_RETURN,Date de retour prévue,"{""CodeSuspensionAccès"": ""01"", ""CodeRaisonStatut"": ""703"", ""DateRetourAnticipée"": NaN}",RULE,,CONFORME,FAIBLE,1.0,RULE_EXPECTED_RETURN conforme. Valeur attendue pour expectedReturnDate: <VIDE>.,False,False
6783031,P,5.0,4.0,givenName,PrénomUsuel,Pre6783031,Pre6783031,Pre6783031,Pre6783031,Pre6783031,DIRECT,EXACT_MATCH,2.0,,,,DIRECT,,CONFORME,FAIBLE,1.0,La valeur du système A correspond exactement à la valeur du système B.,False,False
6783031,P,5.0,4.0,isPrimaryAssignment,,,,True,true,True,BUSINESS_RULE,RULE_MATCH,41.0,RULE_PRIMARY_ASSIGNMENT,Type d'affectation P/A/S,"{""TypeAffectation"": ""P""}",RULE,,CONFORME,FAIBLE,1.0,RULE_PRIMARY_ASSIGNMENT conforme. Valeur attendue pour isPrimaryAssignment: True.,False,False
6783031,P,5.0,4.0,isTemporaryAssignment,,,,False,false,False,BUSINESS_RULE,RULE_MATCH,41.0,RULE_TEMP_ASSIGNMENT,Type d'affectation P/A/S,"{""TypeAffectation"": ""P""}",RULE,,CONFORME,FAIBLE,1.0,RULE_TEMP_ASSIGNMENT conforme. Valeur attendue pour isTemporaryAssignment: False.,False,False
6783031,P,5.0,4.0,payGradeId,ÉchelleSalariale,223,223,223,223,223,DIRECT,EXACT_MATCH,49.0,,,,DIRECT,,CONFORME,FAIBLE,1.0,La valeur du système A correspond exactement à la valeur du système B.,False,False
6783031,P,5.0,4.0,personId,Matricule,6783031,6783031,6783031,6783031,6783031,DIRECT,EXACT_MATCH,8.0,,,,DIRECT,,CONFORME,FAIBLE,1.0,La valeur du système A correspond exactement à la valeur du système B.,False,False
6783031,P,5.0,4.0,positionCode,CodeEmploi,6203,6203,6203,6203,6203,DIRECT,EXACT_MATCH,16.0,,,,DIRECT,,CONFORME,FAIBLE,1.0,La valeur du système A correspond exactement à la valeur du système B.,False,False
6783031,P,5.0,4.0,positionId,CodeEmploi,6203,6203,6203,6203,6203,DIRECT,EXACT_MATCH,14.0,,,,DIRECT,,CONFORME,FAIBLE,1.0,La valeur du système A correspond exactement à la valeur du système B.,False,False
6783031,P,5.0,4.0,siteCode,CodeSite,48,48,48,48,48,DIRECT,EXACT_MATCH,10.0,,,,DIRECT,,CONFORME,FAIBLE,1.0,La valeur du système A correspond exactement à la valeur du système B.,False,False
6783031,P,5.0,4.0,siteName,LibelléSite,Emplacement48,Emplacement48,Emplacement48,Emplacement48,Emplacement48,DIRECT,EXACT_MATCH,9.0,,,,DIRECT,,CONFORME,FAIBLE,1.0,La valeur du système A correspond exactement à la valeur du système B.,False,False
6783031,P,5.0,4.0,statusReasonCode,,,,,,,BUSINESS_RULE,RULE_MATCH,17.0,RULE_STATUS_REASON,Motif de situation d'emploi,"{""CodeSuspensionAccès"": ""01"", ""CodeRaisonStatut"": ""703"", ""DateRetourAnticipée"": NaN}",RULE,,CONFORME,FAIBLE,1.0,RULE_STATUS_REASON conforme. Valeur attendue pour statusReasonCode: <VIDE>.,False,False
6783031,P,5.0,4.0,surname,NomFamille,Nom6783031,Nom6783031,Nom6783031,Nom6783031,Nom6783031,DIRECT,EXACT_MATCH,3.0,,,,DIRECT,,CONFORME,FAIBLE,1.0,La valeur du système A correspond exactement à la valeur du système B.,False,False
6783031,P,5.0,4.0,termEndDate,,,,,,,BUSINESS_RULE,RULE_MATCH,56.0,RULE_TERM_END,Date d'effet du détail du poste,"{""DateEntréePoste"": ""2009-03-30"", ""DateSortiePoste"": null, ""adminUnitStart"": ""1987-01-12"", ""adminUnitEnd"": null, ""jobDetailRows"": [23, 24, 25, 26, 27, 28], ""CodePoste"": ""23999"", ""CodeEmploi"": ""6203"", ""CodeDirection"": ""348""}",RULE,,CONFORME,FAIBLE,1.0,RULE_TERM_END conforme. Valeur attendue pour termEndDate: <VIDE>.,False,False
6783031,P,5.0,4.0,weeklyHoursOverride,HeuresNormeHebdo,40,40.0,40.0,40,40.0,DIRECT,EXACT_MATCH,51.0,,,,DIRECT,,CONFORME,FAIBLE,1.0,La valeur du système A correspond exactement à la valeur du système B.,False,False
7070325,P,10.0,9.0,assignmentEndDate,,,,,,,BUSINESS_RULE,RULE_MATCH,53.0,RULE_ASSIGNMENT_END,Date d'expiration poste,"{""DateEntréePoste"": ""2009-07-06"", ""DateSortiePoste"": null, ""adminUnitStart"": ""1980-10-09"", ""adminUnitEnd"": null, ""jobDetailRows"": [54, 55, 56], ""CodePoste"": ""81864"", ""CodeEmploi"": ""6622"", ""CodeDirection"": ""348""}",RULE,,CONFORME,FAIBLE,1.0,RULE_ASSIGNMENT_END conforme. Valeur attendue pour assignmentEndDate: <VIDE>.,False,False
7070325,P,10.0,9.0,contractTypeCode,,,,JWN,JWN,JWN,BUSINESS_RULE,RULE_MATCH,24.0,RULE_CONTRACT_TYPE,Type d'employé,"{""CatégorieEmploi"": ""V"", ""EstPermanent"": true, ""EstTempsPlein"": true}",RULE,,CONFORME,FAIBLE,1.0,RULE_CONTRACT_TYPE conforme. Valeur attendue pour contractTypeCode: 'JWN'.,False,False
7070325,P,10.0,9.0,dailyHoursOverride,HeuresNormeQuotidienne,8,8.0,8.0,8,8.0,DIRECT,EXACT_MATCH,52.0,,,,DIRECT,,CONFORME,FAIBLE,1.0,La valeur du système A correspond exactement à la valeur du système B.,False,False
7070325,P,10.0,9.0,detailedStatus,,,,Actif,Actif,Actif,BUSINESS_RULE,RULE_MATCH,23.0,RULE_DETAILED_STATUS,Situation d'emploi,"{""CodeSuspensionAccès"": ""01"", ""CodeRaisonStatut"": ""703"", ""DateRetourAnticipée"": NaN}",RULE,,CONFORME,FAIBLE,1.0,RULE_DETAILED_STATUS conforme. Valeur attendue pour detailedStatus: 'Actif'.,False,False
7070325,P,10.0,9.0,divisionCode,CodeImputation,2950,2950,2950,2950,2950,DIRECT,EXACT_MATCH,13.0,,,,DIRECT,,CONFORME,FAIBLE,1.0,La valeur du système A correspond exactement à la valeur du système B.,False,False
7070325,P,10.0,9.0,divisionId,CodeDirection,348,348,348,348,348,DIRECT,EXACT_MATCH,11.0,,,,DIRECT,,CONFORME,FAIBLE,1.0,La valeur du système A correspond exactement à la valeur du système B.,False,False
7070325,P,10.0,9.0,divisionName,,,,00348-UnitAdmin00348,00348-UnitAdmin00348,00348-UnitAdmin00348,BUSINESS_RULE,RULE_MATCH,12.0,RULE_DIVISION_NAME,Concaténation unité administrative,"{""CodeDirection"": ""348"", ""CodeDirectionFormatted"": ""00348"", ""LibelléDirection"": ""UnitAdmin00348""}",RULE,,CONFORME,FAIBLE,1.0,RULE_DIVISION_NAME conforme. Valeur attendue pour divisionName: '00348-UnitAdmin00348'.,False,False
7070325,P,10.0,9.0,expectedReturnDate,,,,,,,BUSINESS_RULE,RULE_MATCH,22.0,RULE_EXPECTED_RETURN,Date de retour prévue,"{""CodeSuspensionAccès"": ""01"", ""CodeRaisonStatut"": ""703"", ""DateRetourAnticipée"": NaN}",RULE,,CONFORME,FAIBLE,1.0,RULE_EXPECTED_RETURN conforme. Valeur attendue pour expectedReturnDate: <VIDE>.,False,False
7070325,P,10.0,9.0,givenName,PrénomUsuel,Pre7070325,Pre7070325,Pre7070325,Pre7070325,Pre7070325,DIRECT,EXACT_MATCH,2.0,,,,DIRECT,,CONFORME,FAIBLE,1.0,La valeur du système A correspond exactement à la valeur du système B.,False,False
7070325,P,10.0,9.0,isPrimaryAssignment,,,,True,true,True,BUSINESS_RULE,RULE_MATCH,41.0,RULE_PRIMARY_ASSIGNMENT,Type d'affectation P/A/S,"{""TypeAffectation"": ""P""}",RULE,,CONFORME,FAIBLE,1.0,RULE_PRIMARY_ASSIGNMENT conforme. Valeur attendue pour isPrimaryAssignment: True.,False,False
7070325,P,10.0,9.0,isTemporaryAssignment,,,,False,false,False,BUSINESS_RULE,RULE_MATCH,41.0,RULE_TEMP_ASSIGNMENT,Type d'affectation P/A/S,"{""TypeAffectation"": ""P""}",RULE,,CONFORME,FAIBLE,1.0,RULE_TEMP_ASSIGNMENT conforme. Valeur attendue pour isTemporaryAssignment: False.,False,False
7070325,P,10.0,9.0,payGradeId,ÉchelleSalariale,260,260,260,260,260,DIRECT,EXACT_MATCH,49.0,,,,DIRECT,,CONFORME,FAIBLE,1.0,La valeur du système A correspond exactement à la valeur du système B.,False,False
7070325,P,10.0,9.0,personId,Matricule,7070325,7070325,7070325,7070325,7070325,DIRECT,EXACT_MATCH,8.0,,,,DIRECT,,CONFORME,FAIBLE,1.0,La valeur du système A correspond exactement à la valeur du système B.,False,False
7070325,P,10.0,9.0,positionCode,CodeEmploi,6622,6622,6622,6622,6622,DIRECT,EXACT_MATCH,16.0,,,,DIRECT,,CONFORME,FAIBLE,1.0,La valeur du système A correspond exactement à la valeur du système B.,False,False
7070325,P,10.0,9.0,positionId,CodeEmploi,6622,6622,6622,6622,6622,DIRECT,EXACT_MATCH,14.0,,,,DIRECT,,CONFORME,FAIBLE,1.0,La valeur du système A correspond exactement à la valeur du système B.,False,False
7070325,P,10.0,9.0,siteCode,CodeSite,48,48,48,48,48,DIRECT,EXACT_MATCH,10.0,,,,DIRECT,,CONFORME,FAIBLE,1.0,La valeur du système A correspond exactement à la valeur du système B.,False,False
7070325,P,10.0,9.0,siteName,LibelléSite,Emplacement48,Emplacement48,Emplacement48,Emplacement48,Emplacement48,DIRECT,EXACT_MATCH,9.0,,,,DIRECT,,CONFORME,FAIBLE,1.0,La valeur du système A correspond exactement à la valeur du système B.,False,False
7070325,P,10.0,9.0,statusReasonCode,,,,,,,BUSINESS_RULE,RULE_MATCH,17.0,RULE_STATUS_REASON,Motif de situation d'emploi,"{""CodeSuspensionAccès"": ""01"", ""CodeRaisonStatut"": ""703"", ""DateRetourAnticipée"": NaN}",RULE,,CONFORME,FAIBLE,1.0,RULE_STATUS_REASON conforme. Valeur attendue pour statusReasonCode: <VIDE>.,False,False
7070325,P,10.0,9.0,surname,NomFamille,Nom7070325,Nom7070325,Nom7070325,Nom7070325,Nom7070325,DIRECT,EXACT_MATCH,3.0,,,,DIRECT,,CONFORME,FAIBLE,1.0,La valeur du système A correspond exactement à la valeur du système B.,False,False
7070325,P,10.0,9.0,termEndDate,,,,,,,BUSINESS_RULE,RULE_MATCH,56.0,RULE_TERM_END,Date d'effet du détail du poste,"{""DateEntréePoste"": ""2009-07-06"", ""DateSortiePoste"": null, ""adminUnitStart"": ""1980-10-09"", ""adminUnitEnd"": null, ""jobDetailRows"": [54, 55, 56], ""CodePoste"": ""81864"", ""CodeEmploi"": ""6622"", ""CodeDirection"": ""348""}",RULE,,CONFORME,FAIBLE,1.0,RULE_TERM_END conforme. Valeur attendue pour termEndDate: <VIDE>.,False,False
7070325,P,10.0,9.0,weeklyHoursOverride,HeuresNormeHebdo,40,40.0,40.0,40,40.0,DIRECT,EXACT_MATCH,51.0,,,,DIRECT,,CONFORME,FAIBLE,1.0,La valeur du système A correspond exactement à la valeur du système B.,False,False
7254364,P,17.0,16.0,assignmentEndDate,,,,,,,BUSINESS_RULE,RULE_MATCH,53.0,RULE_ASSIGNMENT_END,Date d'expiration poste,"{""DateEntréePoste"": ""2025-10-20"", ""DateSortiePoste"": null, ""adminUnitStart"": ""1981-06-17"", ""adminUnitEnd"": null, ""jobDetailRows"": [84, 85, 86, 87], ""CodePoste"": ""14553"", ""CodeEmploi"": ""6754"", ""CodeDirection"": ""371""}",RULE,,CONFORME,FAIBLE,1.0,RULE_ASSIGNMENT_END conforme. Valeur attendue pour assignmentEndDate: <VIDE>.,False,False
7254364,P,17.0,16.0,dailyHoursOverride,HeuresNormeQuotidienne,8,8.0,8.0,8,8.0,DIRECT,EXACT_MATCH,52.0,,,,DIRECT,,CONFORME,FAIBLE,1.0,La valeur du système A correspond exactement à la valeur du système B.,False,False
7254364,P,17.0,16.0,detailedStatus,,,,Actif,Actif,Actif,BUSINESS_RULE,RULE_MATCH,23.0,RULE_DETAILED_STATUS,Situation d'emploi,"{""CodeSuspensionAccès"": ""01"", ""CodeRaisonStatut"": ""651"", ""DateRetourAnticipée"": NaN}",RULE,,CONFORME,FAIBLE,1.0,RULE_DETAILED_STATUS conforme. Valeur attendue pour detailedStatus: 'Actif'.,False,False
7254364,P,17.0,16.0,divisionCode,CodeImputation,2883,2883,2883,2883,2883,DIRECT,EXACT_MATCH,13.0,,,,DIRECT,,CONFORME,FAIBLE,1.0,La valeur du système A correspond exactement à la valeur du système B.,False,False
7254364,P,17.0,16.0,divisionId,CodeDirection,371,371,371,371,371,DIRECT,EXACT_MATCH,11.0,,,,DIRECT,,CONFORME,FAIBLE,1.0,La valeur du système A correspond exactement à la valeur du système B.,False,False
7254364,P,17.0,16.0,divisionName,,,,00371-UnitAdmin00371,00371-UnitAdmin00371,00371-UnitAdmin00371,BUSINESS_RULE,RULE_MATCH,12.0,RULE_DIVISION_NAME,Concaténation unité administrative,"{""CodeDirection"": ""371"", ""CodeDirectionFormatted"": ""00371"", ""LibelléDirection"": ""UnitAdmin00371""}",RULE,,CONFORME,FAIBLE,1.0,RULE_DIVISION_NAME conforme. Valeur attendue pour divisionName: '00371-UnitAdmin00371'.,False,False
7254364,P,17.0,16.0,expectedReturnDate,,,,,,,BUSINESS_RULE,RULE_MATCH,22.0,RULE_EXPECTED_RETURN,Date de retour prévue,"{""CodeSuspensionAccès"": ""01"", ""CodeRaisonStatut"": ""651"", ""DateRetourAnticipée"": NaN}",RULE,,CONFORME,FAIBLE,1.0,RULE_EXPECTED_RETURN conforme. Valeur attendue pour expectedReturnDate: <VIDE>.,False,False
7254364,P,17.0,16.0,givenName,PrénomUsuel,Pre7254364,Pre7254364,Pre7254364,Pre7254364,Pre7254364,DIRECT,EXACT_MATCH,2.0,,,,DIRECT,,CONFORME,FAIBLE,1.0,La valeur du système A correspond exactement à la valeur du système B.,False,False
7254364,P,17.0,16.0,isPrimaryAssignment,,,,True,true,True,BUSINESS_RULE,RULE_MATCH,41.0,RULE_PRIMARY_ASSIGNMENT,Type d'affectation P/A/S,"{""TypeAffectation"": ""P""}",RULE,,CONFORME,FAIBLE,1.0,RULE_PRIMARY_ASSIGNMENT conforme. Valeur attendue pour isPrimaryAssignment: True.,False,False
7254364,P,17.0,16.0,isTemporaryAssignment,,,,False,false,False,BUSINESS_RULE,RULE_MATCH,41.0,RULE_TEMP_ASSIGNMENT,Type d'affectation P/A/S,"{""TypeAffectation"": ""P""}",RULE,,CONFORME,FAIBLE,1.0,RULE_TEMP_ASSIGNMENT conforme. Valeur attendue pour isTemporaryAssignment: False.,False,False
7254364,P,17.0,16.0,payGradeId,ÉchelleSalariale,293,293,293,293,293,DIRECT,EXACT_MATCH,49.0,,,,DIRECT,,CONFORME,FAIBLE,1.0,La valeur du système A correspond exactement à la valeur du système B.,False,False
7254364,P,17.0,16.0,personId,Matricule,7254364,7254364,7254364,7254364,7254364,DIRECT,EXACT_MATCH,8.0,,,,DIRECT,,CONFORME,FAIBLE,1.0,La valeur du système A correspond exactement à la valeur du système B.,False,False
7254364,P,17.0,16.0,positionCode,CodeEmploi,6754,6754,6754,6754,6754,DIRECT,EXACT_MATCH,16.0,,,,DIRECT,,CONFORME,FAIBLE,1.0,La valeur du système A correspond exactement à la valeur du système B.,False,False
7254364,P,17.0,16.0,positionId,CodeEmploi,6754,6754,6754,6754,6754,DIRECT,EXACT_MATCH,14.0,,,,DIRECT,,CONFORME,FAIBLE,1.0,La valeur du système A correspond exactement à la valeur du système B.,False,False
7254364,P,17.0,16.0,siteCode,CodeSite,48,48,48,48,48,DIRECT,EXACT_MATCH,10.0,,,,DIRECT,,CONFORME,FAIBLE,1.0,La valeur du système A correspond exactement à la valeur du système B.,False,False
7254364,P,17.0,16.0,siteName,LibelléSite,Emplacement48,Emplacement48,Emplacement48,Emplacement48,Emplacement48,DIRECT,EXACT_MATCH,9.0,,,,DIRECT,,CONFORME,FAIBLE,1.0,La valeur du système A correspond exactement à la valeur du système B.,False,False
7254364,P,17.0,16.0,statusReasonCode,,,,,,,BUSINESS_RULE,RULE_MATCH,17.0,RULE_STATUS_REASON,Motif de situation d'emploi,"{""CodeSuspensionAccès"": ""01"", ""CodeRaisonStatut"": ""651"", ""DateRetourAnticipée"": NaN}",RULE,,CONFORME,FAIBLE,1.0,RULE_STATUS_REASON conforme. Valeur attendue pour statusReasonCode: <VIDE>.,False,False
7254364,P,17.0,16.0,surname,NomFamille,Nom7254364,Nom7254364,Nom7254364,Nom7254364,Nom7254364,DIRECT,EXACT_MATCH,3.0,,,,DIRECT,,CONFORME,FAIBLE,1.0,La valeur du système A correspond exactement à la valeur du système B.,False,False
7254364,P,17.0,16.0,termEndDate,,,,,,,BUSINESS_RULE,RULE_MATCH,56.0,RULE_TERM_END,Date d'effet du détail du poste,"{""DateEntréePoste"": ""2025-10-20"", ""DateSortiePoste"": null, ""adminUnitStart"": ""1981-06-17"", ""adminUnitEnd"": null, ""jobDetailRows"": [84, 85, 86, 87], ""CodePoste"": ""14553"", ""CodeEmploi"": ""6754"", ""CodeDirection"": ""371""}",RULE,,CONFORME,FAIBLE,1.0,RULE_TERM_END conforme. Valeur attendue pour termEndDate: <VIDE>.,False,False
7254364,P,17.0,16.0,weeklyHoursOverride,HeuresNormeHebdo,40,40.0,40.0,40,40.0,DIRECT,EXACT_MATCH,51.0,,,,DIRECT,,CONFORME,FAIBLE,1.0,La valeur du système A correspond exactement à la valeur du système B.,False,False
7603160,P,4.0,3.0,assignmentEndDate,,,,,,,BUSINESS_RULE,RULE_MATCH,53.0,RULE_ASSIGNMENT_END,Date d'expiration poste,"{""DateEntréePoste"": ""2009-03-30"", ""DateSortiePoste"": null, ""adminUnitStart"": ""1971-05-19"", ""adminUnitEnd"": null, ""jobDetailRows"": [15, 16, 17, 18, 19, 20, 21, 22], ""CodePoste"": ""83560"", ""CodeEmploi"": ""6203"", ""CodeDirection"": ""348""}",RULE,,CONFORME,FAIBLE,1.0,RULE_ASSIGNMENT_END conforme. Valeur attendue pour assignmentEndDate: <VIDE>.,False,False
7603160,P,4.0,3.0,contractTypeCode,,,,JWN,JWN,JWN,BUSINESS_RULE,RULE_MATCH,24.0,RULE_CONTRACT_TYPE,Type d'employé,"{""CatégorieEmploi"": ""V"", ""EstPermanent"": true, ""EstTempsPlein"": true}",RULE,,CONFORME,FAIBLE,1.0,RULE_CONTRACT_TYPE conforme. Valeur attendue pour contractTypeCode: 'JWN'.,False,False
7603160,P,4.0,3.0,dailyHoursOverride,HeuresNormeQuotidienne,8,8.0,8.0,8,8.0,DIRECT,EXACT_MATCH,52.0,,,,DIRECT,,CONFORME,FAIBLE,1.0,La valeur du système A correspond exactement à la valeur du système B.,False,False
7603160,P,4.0,3.0,detailedStatus,,,,Absence complète,Absence complÃ¨te,Absence complète,BUSINESS_RULE,RULE_MATCH,23.0,RULE_DETAILED_STATUS,Situation d'emploi,"{""CodeSuspensionAccès"": ""02"", ""CodeRaisonStatut"": ""807"", ""DateRetourAnticipée"": ""2015-06-17""}",RULE,,CONFORME,FAIBLE,1.0,RULE_DETAILED_STATUS conforme. Valeur attendue pour detailedStatus: 'Absence complète'.,False,False
7603160,P,4.0,3.0,divisionCode,CodeImputation,2950,2950,2950,2950,2950,DIRECT,EXACT_MATCH,13.0,,,,DIRECT,,CONFORME,FAIBLE,1.0,La valeur du système A correspond exactement à la valeur du système B.,False,False
7603160,P,4.0,3.0,divisionId,CodeDirection,348,348,348,348,348,DIRECT,EXACT_MATCH,11.0,,,,DIRECT,,CONFORME,FAIBLE,1.0,La valeur du système A correspond exactement à la valeur du système B.,False,False
7603160,P,4.0,3.0,divisionName,,,,00348-UnitAdmin00348,00348-UnitAdmin00348,00348-UnitAdmin00348,BUSINESS_RULE,RULE_MATCH,12.0,RULE_DIVISION_NAME,Concaténation unité administrative,"{""CodeDirection"": ""348"", ""CodeDirectionFormatted"": ""00348"", ""LibelléDirection"": ""UnitAdmin00348""}",RULE,,CONFORME,FAIBLE,1.0,RULE_DIVISION_NAME conforme. Valeur attendue pour divisionName: '00348-UnitAdmin00348'.,False,False
7603160,P,4.0,3.0,expectedReturnDate,,,,2015-06-17,2015-06-17 00:00:00,2015-06-17,BUSINESS_RULE,RULE_MATCH,22.0,RULE_EXPECTED_RETURN,Date de retour prévue,"{""CodeSuspensionAccès"": ""02"", ""CodeRaisonStatut"": ""807"", ""DateRetourAnticipée"": ""2015-06-17""}",RULE,,CONFORME,FAIBLE,1.0,RULE_EXPECTED_RETURN conforme. Valeur attendue pour expectedReturnDate: '2015-06-17'.,False,False
7603160,P,4.0,3.0,givenName,PrénomUsuel,Pre7603160,Pre7603160,Pre7603160,Pre7603160,Pre7603160,DIRECT,EXACT_MATCH,2.0,,,,DIRECT,,CONFORME,FAIBLE,1.0,La valeur du système A correspond exactement à la valeur du système B.,False,False
7603160,P,4.0,3.0,isPrimaryAssignment,,,,True,true,True,BUSINESS_RULE,RULE_MATCH,41.0,RULE_PRIMARY_ASSIGNMENT,Type d'affectation P/A/S,"{""TypeAffectation"": ""P""}",RULE,,CONFORME,FAIBLE,1.0,RULE_PRIMARY_ASSIGNMENT conforme. Valeur attendue pour isPrimaryAssignment: True.,False,False
7603160,P,4.0,3.0,isTemporaryAssignment,,,,False,false,False,BUSINESS_RULE,RULE_MATCH,41.0,RULE_TEMP_ASSIGNMENT,Type d'affectation P/A/S,"{""TypeAffectation"": ""P""}",RULE,,CONFORME,FAIBLE,1.0,RULE_TEMP_ASSIGNMENT conforme. Valeur attendue pour isTemporaryAssignment: False.,False,False
7603160,P,4.0,3.0,payGradeId,ÉchelleSalariale,223,223,223,223,223,DIRECT,EXACT_MATCH,49.0,,,,DIRECT,,CONFORME,FAIBLE,1.0,La valeur du système A correspond exactement à la valeur du système B.,False,False
7603160,P,4.0,3.0,personId,Matricule,7603160,7603160,7603160,7603160,7603160,DIRECT,EXACT_MATCH,8.0,,,,DIRECT,,CONFORME,FAIBLE,1.0,La valeur du système A correspond exactement à la valeur du système B.,False,False
7603160,P,4.0,3.0,positionCode,CodeEmploi,6203,6203,6203,6203,6203,DIRECT,EXACT_MATCH,16.0,,,,DIRECT,,CONFORME,FAIBLE,1.0,La valeur du système A correspond exactement à la valeur du système B.,False,False
7603160,P,4.0,3.0,positionId,CodeEmploi,6203,6203,6203,6203,6203,DIRECT,EXACT_MATCH,14.0,,,,DIRECT,,CONFORME,FAIBLE,1.0,La valeur du système A correspond exactement à la valeur du système B.,False,False
7603160,P,4.0,3.0,siteCode,CodeSite,48,48,48,48,48,DIRECT,EXACT_MATCH,10.0,,,,DIRECT,,CONFORME,FAIBLE,1.0,La valeur du système A correspond exactement à la valeur du système B.,False,False
7603160,P,4.0,3.0,siteName,LibelléSite,Emplacement48,Emplacement48,Emplacement48,Emplacement48,Emplacement48,DIRECT,EXACT_MATCH,9.0,,,,DIRECT,,CONFORME,FAIBLE,1.0,La valeur du système A correspond exactement à la valeur du système B.,False,False
7603160,P,4.0,3.0,statusReasonCode,,,,170,170,170,BUSINESS_RULE,RULE_MATCH,17.0,RULE_STATUS_REASON,Motif de situation d'emploi,"{""CodeSuspensionAccès"": ""02"", ""CodeRaisonStatut"": ""807"", ""DateRetourAnticipée"": ""2015-06-17""}",RULE,,CONFORME,FAIBLE,1.0,RULE_STATUS_REASON conforme. Valeur attendue pour statusReasonCode: '170'.,False,False
7603160,P,4.0,3.0,surname,NomFamille,Nom7603160,Nom7603160,Nom7603160,Nom7603160,Nom7603160,DIRECT,EXACT_MATCH,3.0,,,,DIRECT,,CONFORME,FAIBLE,1.0,La valeur du système A correspond exactement à la valeur du système B.,False,False
7603160,P,4.0,3.0,termEndDate,,,,,,,BUSINESS_RULE,RULE_MATCH,56.0,RULE_TERM_END,Date d'effet du détail du poste,"{""DateEntréePoste"": ""2009-03-30"", ""DateSortiePoste"": null, ""adminUnitStart"": ""1971-05-19"", ""adminUnitEnd"": null, ""jobDetailRows"": [15, 16, 17, 18, 19, 20, 21, 22], ""CodePoste"": ""83560"", ""CodeEmploi"": ""6203"", ""CodeDirection"": ""348""}",RULE,,CONFORME,FAIBLE,1.0,RULE_TERM_END conforme. Valeur attendue pour termEndDate: <VIDE>.,False,False
7603160,P,4.0,3.0,weeklyHoursOverride,HeuresNormeHebdo,40,40.0,40.0,40,40.0,DIRECT,EXACT_MATCH,51.0,,,,DIRECT,,CONFORME,FAIBLE,1.0,La valeur du système A correspond exactement à la valeur du système B.,False,False
7683990,P,20.0,20.0,assignmentEndDate,,,,,,,BUSINESS_RULE,RULE_MATCH,53.0,RULE_ASSIGNMENT_END,Date d'expiration poste,"{""DateEntréePoste"": ""2015-03-23"", ""DateSortiePoste"": null, ""adminUnitStart"": ""1971-02-13"", ""adminUnitEnd"": null, ""jobDetailRows"": [99, 100, 101, 102, 103], ""CodePoste"": ""15514"", ""CodeEmploi"": ""6725"", ""CodeDirection"": ""371""}",RULE,,CONFORME,FAIBLE,1.0,RULE_ASSIGNMENT_END conforme. Valeur attendue pour assignmentEndDate: <VIDE>.,False,False
7683990,P,20.0,20.0,contractTypeCode,,,,JWN,JWN,JWN,BUSINESS_RULE,RULE_MATCH,24.0,RULE_CONTRACT_TYPE,Type d'employé,"{""CatégorieEmploi"": ""V"", ""EstPermanent"": true, ""EstTempsPlein"": true}",RULE,,CONFORME,FAIBLE,1.0,RULE_CONTRACT_TYPE conforme. Valeur attendue pour contractTypeCode: 'JWN'.,False,False
7683990,P,20.0,20.0,detailedStatus,,,,Actif,Actif,Actif,BUSINESS_RULE,RULE_MATCH,23.0,RULE_DETAILED_STATUS,Situation d'emploi,"{""CodeSuspensionAccès"": ""01"", ""CodeRaisonStatut"": ""703"", ""DateRetourAnticipée"": NaN}",RULE,,CONFORME,FAIBLE,1.0,RULE_DETAILED_STATUS conforme. Valeur attendue pour detailedStatus: 'Actif'.,False,False
7683990,P,20.0,20.0,divisionCode,CodeImputation,2883,2883,2883,2883,2883,DIRECT,EXACT_MATCH,13.0,,,,DIRECT,,CONFORME,FAIBLE,1.0,La valeur du système A correspond exactement à la valeur du système B.,False,False
7683990,P,20.0,20.0,divisionId,CodeDirection,371,371,371,371,371,DIRECT,EXACT_MATCH,11.0,,,,DIRECT,,CONFORME,FAIBLE,1.0,La valeur du système A correspond exactement à la valeur du système B.,False,False
7683990,P,20.0,20.0,divisionName,,,,00371-UnitAdmin00371,00371-UnitAdmin00371,00371-UnitAdmin00371,BUSINESS_RULE,RULE_MATCH,12.0,RULE_DIVISION_NAME,Concaténation unité administrative,"{""CodeDirection"": ""371"", ""CodeDirectionFormatted"": ""00371"", ""LibelléDirection"": ""UnitAdmin00371""}",RULE,,CONFORME,FAIBLE,1.0,RULE_DIVISION_NAME conforme. Valeur attendue pour divisionName: '00371-UnitAdmin00371'.,False,False
7683990,P,20.0,20.0,expectedReturnDate,,,,,,,BUSINESS_RULE,RULE_MATCH,22.0,RULE_EXPECTED_RETURN,Date de retour prévue,"{""CodeSuspensionAccès"": ""01"", ""CodeRaisonStatut"": ""703"", ""DateRetourAnticipée"": NaN}",RULE,,CONFORME,FAIBLE,1.0,RULE_EXPECTED_RETURN conforme. Valeur attendue pour expectedReturnDate: <VIDE>.,False,False
7683990,P,20.0,20.0,givenName,PrénomUsuel,Pre7683990,Pre7683990,Pre7683990,Pre7683990,Pre7683990,DIRECT,EXACT_MATCH,2.0,,,,DIRECT,,CONFORME,FAIBLE,1.0,La valeur du système A correspond exactement à la valeur du système B.,False,False
7683990,P,20.0,20.0,isPrimaryAssignment,,,,True,true,True,BUSINESS_RULE,RULE_MATCH,41.0,RULE_PRIMARY_ASSIGNMENT,Type d'affectation P/A/S,"{""TypeAffectation"": ""P""}",RULE,,CONFORME,FAIBLE,1.0,RULE_PRIMARY_ASSIGNMENT conforme. Valeur attendue pour isPrimaryAssignment: True.,False,False
7683990,P,20.0,20.0,isTemporaryAssignment,,,,False,false,False,BUSINESS_RULE,RULE_MATCH,41.0,RULE_TEMP_ASSIGNMENT,Type d'affectation P/A/S,"{""TypeAffectation"": ""P""}",RULE,,CONFORME,FAIBLE,1.0,RULE_TEMP_ASSIGNMENT conforme. Valeur attendue pour isTemporaryAssignment: False.,False,False
7683990,P,20.0,20.0,payGradeId,ÉchelleSalariale,293,293,293,293,293,DIRECT,EXACT_MATCH,49.0,,,,DIRECT,,CONFORME,FAIBLE,1.0,La valeur du système A correspond exactement à la valeur du système B.,False,False
7683990,P,20.0,20.0,personId,Matricule,7683990,7683990,7683990,7683990,7683990,DIRECT,EXACT_MATCH,8.0,,,,DIRECT,,CONFORME,FAIBLE,1.0,La valeur du système A correspond exactement à la valeur du système B.,False,False
7683990,P,20.0,20.0,positionCode,CodeEmploi,6725,6725,6725,6725,6725,DIRECT,EXACT_MATCH,16.0,,,,DIRECT,,CONFORME,FAIBLE,1.0,La valeur du système A correspond exactement à la valeur du système B.,False,False
7683990,P,20.0,20.0,positionId,CodeEmploi,6725,6725,6725,6725,6725,DIRECT,EXACT_MATCH,14.0,,,,DIRECT,,CONFORME,FAIBLE,1.0,La valeur du système A correspond exactement à la valeur du système B.,False,False
7683990,P,20.0,20.0,siteCode,CodeSite,48,48,48,48,48,DIRECT,EXACT_MATCH,10.0,,,,DIRECT,,CONFORME,FAIBLE,1.0,La valeur du système A correspond exactement à la valeur du système B.,False,False
7683990,P,20.0,20.0,siteName,LibelléSite,Emplacement48,Emplacement48,Emplacement48,Emplacement48,Emplacement48,DIRECT,EXACT_MATCH,9.0,,,,DIRECT,,CONFORME,FAIBLE,1.0,La valeur du système A correspond exactement à la valeur du système B.,False,False
7683990,P,20.0,20.0,statusReasonCode,,,,,,,BUSINESS_RULE,RULE_MATCH,17.0,RULE_STATUS_REASON,Motif de situation d'emploi,"{""CodeSuspensionAccès"": ""01"", ""CodeRaisonStatut"": ""703"", ""DateRetourAnticipée"": NaN}",RULE,,CONFORME,FAIBLE,1.0,RULE_STATUS_REASON conforme. Valeur attendue pour statusReasonCode: <VIDE>.,False,False
7683990,P,20.0,20.0,surname,NomFamille,Nom7683990,Nom7683990,Nom7683990,Nom7683990,Nom7683990,DIRECT,EXACT_MATCH,3.0,,,,DIRECT,,CONFORME,FAIBLE,1.0,La valeur du système A correspond exactement à la valeur du système B.,False,False
7683990,P,20.0,20.0,termEndDate,,,,,,,BUSINESS_RULE,RULE_MATCH,56.0,RULE_TERM_END,Date d'effet du détail du poste,"{""DateEntréePoste"": ""2015-03-23"", ""DateSortiePoste"": null, ""adminUnitStart"": ""1971-02-13"", ""adminUnitEnd"": null, ""jobDetailRows"": [99, 100, 101, 102, 103], ""CodePoste"": ""15514"", ""CodeEmploi"": ""6725"", ""CodeDirection"": ""371""}",RULE,,CONFORME,FAIBLE,1.0,RULE_TERM_END conforme. Valeur attendue pour termEndDate: <VIDE>.,False,False
8142123,P,3.0,2.0,assignmentEndDate,,,,,,,BUSINESS_RULE,RULE_MATCH,53.0,RULE_ASSIGNMENT_END,Date d'expiration poste,"{""DateEntréePoste"": ""2009-03-30"", ""DateSortiePoste"": null, ""adminUnitStart"": ""1968-02-04"", ""adminUnitEnd"": null, ""jobDetailRows"": [9, 10, 11, 12, 13, 14], ""CodePoste"": ""26800"", ""CodeEmploi"": ""6203"", ""CodeDirection"": ""348""}",RULE,,CONFORME,FAIBLE,1.0,RULE_ASSIGNMENT_END conforme. Valeur attendue pour assignmentEndDate: <VIDE>.,False,False
8142123,P,3.0,2.0,contractTypeCode,,,,JWN,JWN,JWN,BUSINESS_RULE,RULE_MATCH,24.0,RULE_CONTRACT_TYPE,Type d'employé,"{""CatégorieEmploi"": ""V"", ""EstPermanent"": true, ""EstTempsPlein"": true}",RULE,,CONFORME,FAIBLE,1.0,RULE_CONTRACT_TYPE conforme. Valeur attendue pour contractTypeCode: 'JWN'.,False,False
8142123,P,3.0,2.0,dailyHoursOverride,HeuresNormeQuotidienne,8,8.0,8.0,8,8.0,DIRECT,EXACT_MATCH,52.0,,,,DIRECT,,CONFORME,FAIBLE,1.0,La valeur du système A correspond exactement à la valeur du système B.,False,False
8142123,P,3.0,2.0,detailedStatus,,,,Actif,Actif,Actif,BUSINESS_RULE,RULE_MATCH,23.0,RULE_DETAILED_STATUS,Situation d'emploi,"{""CodeSuspensionAccès"": ""01"", ""CodeRaisonStatut"": ""703"", ""DateRetourAnticipée"": NaN}",RULE,,CONFORME,FAIBLE,1.0,RULE_DETAILED_STATUS conforme. Valeur attendue pour detailedStatus: 'Actif'.,False,False
8142123,P,3.0,2.0,divisionCode,CodeImputation,2950,2950,2950,2950,2950,DIRECT,EXACT_MATCH,13.0,,,,DIRECT,,CONFORME,FAIBLE,1.0,La valeur du système A correspond exactement à la valeur du système B.,False,False
8142123,P,3.0,2.0,divisionId,CodeDirection,348,348,348,348,348,DIRECT,EXACT_MATCH,11.0,,,,DIRECT,,CONFORME,FAIBLE,1.0,La valeur du système A correspond exactement à la valeur du système B.,False,False
8142123,P,3.0,2.0,divisionName,,,,00348-UnitAdmin00348,00348-UnitAdmin00348,00348-UnitAdmin00348,BUSINESS_RULE,RULE_MATCH,12.0,RULE_DIVISION_NAME,Concaténation unité administrative,"{""CodeDirection"": ""348"", ""CodeDirectionFormatted"": ""00348"", ""LibelléDirection"": ""UnitAdmin00348""}",RULE,,CONFORME,FAIBLE,1.0,RULE_DIVISION_NAME conforme. Valeur attendue pour divisionName: '00348-UnitAdmin00348'.,False,False
8142123,P,3.0,2.0,expectedReturnDate,,,,,,,BUSINESS_RULE,RULE_MATCH,22.0,RULE_EXPECTED_RETURN,Date de retour prévue,"{""CodeSuspensionAccès"": ""01"", ""CodeRaisonStatut"": ""703"", ""DateRetourAnticipée"": NaN}",RULE,,CONFORME,FAIBLE,1.0,RULE_EXPECTED_RETURN conforme. Valeur attendue pour expectedReturnDate: <VIDE>.,False,False
8142123,P,3.0,2.0,givenName,PrénomUsuel,Pre8142123,Pre8142123,Pre8142123,Pre8142123,Pre8142123,DIRECT,EXACT_MATCH,2.0,,,,DIRECT,,CONFORME,FAIBLE,1.0,La valeur du système A correspond exactement à la valeur du système B.,False,False
8142123,P,3.0,2.0,isPrimaryAssignment,,,,True,true,True,BUSINESS_RULE,RULE_MATCH,41.0,RULE_PRIMARY_ASSIGNMENT,Type d'affectation P/A/S,"{""TypeAffectation"": ""P""}",RULE,,CONFORME,FAIBLE,1.0,RULE_PRIMARY_ASSIGNMENT conforme. Valeur attendue pour isPrimaryAssignment: True.,False,False
8142123,P,3.0,2.0,isTemporaryAssignment,,,,False,false,False,BUSINESS_RULE,RULE_MATCH,41.0,RULE_TEMP_ASSIGNMENT,Type d'affectation P/A/S,"{""TypeAffectation"": ""P""}",RULE,,CONFORME,FAIBLE,1.0,RULE_TEMP_ASSIGNMENT conforme. Valeur attendue pour isTemporaryAssignment: False.,False,False
8142123,P,3.0,2.0,payGradeId,ÉchelleSalariale,223,223,223,223,223,DIRECT,EXACT_MATCH,49.0,,,,DIRECT,,CONFORME,FAIBLE,1.0,La valeur du système A correspond exactement à la valeur du système B.,False,False
8142123,P,3.0,2.0,personId,Matricule,8142123,8142123,8142123,8142123,8142123,DIRECT,EXACT_MATCH,8.0,,,,DIRECT,,CONFORME,FAIBLE,1.0,La valeur du système A correspond exactement à la valeur du système B.,False,False
8142123,P,3.0,2.0,positionCode,CodeEmploi,6203,6203,6203,6203,6203,DIRECT,EXACT_MATCH,16.0,,,,DIRECT,,CONFORME,FAIBLE,1.0,La valeur du système A correspond exactement à la valeur du système B.,False,False
8142123,P,3.0,2.0,positionId,CodeEmploi,6203,6203,6203,6203,6203,DIRECT,EXACT_MATCH,14.0,,,,DIRECT,,CONFORME,FAIBLE,1.0,La valeur du système A correspond exactement à la valeur du système B.,False,False
8142123,P,3.0,2.0,siteCode,CodeSite,48,48,48,48,48,DIRECT,EXACT_MATCH,10.0,,,,DIRECT,,CONFORME,FAIBLE,1.0,La valeur du système A correspond exactement à la valeur du système B.,False,False
8142123,P,3.0,2.0,siteName,LibelléSite,Emplacement48,Emplacement48,Emplacement48,Emplacement48,Emplacement48,DIRECT,EXACT_MATCH,9.0,,,,DIRECT,,CONFORME,FAIBLE,1.0,La valeur du système A correspond exactement à la valeur du système B.,False,False
8142123,P,3.0,2.0,statusReasonCode,,,,,,,BUSINESS_RULE,RULE_MATCH,17.0,RULE_STATUS_REASON,Motif de situation d'emploi,"{""CodeSuspensionAccès"": ""01"", ""CodeRaisonStatut"": ""703"", ""DateRetourAnticipée"": NaN}",RULE,,CONFORME,FAIBLE,1.0,RULE_STATUS_REASON conforme. Valeur attendue pour statusReasonCode: <VIDE>.,False,False
8142123,P,3.0,2.0,surname,NomFamille,Nom8142123,Nom8142123,Nom8142123,Nom8142123,Nom8142123,DIRECT,EXACT_MATCH,3.0,,,,DIRECT,,CONFORME,FAIBLE,1.0,La valeur du système A correspond exactement à la valeur du système B.,False,False
8142123,P,3.0,2.0,termEndDate,,,,,,,BUSINESS_RULE,RULE_MATCH,56.0,RULE_TERM_END,Date d'effet du détail du poste,"{""DateEntréePoste"": ""2009-03-30"", ""DateSortiePoste"": null, ""adminUnitStart"": ""1968-02-04"", ""adminUnitEnd"": null, ""jobDetailRows"": [9, 10, 11, 12, 13, 14], ""CodePoste"": ""26800"", ""CodeEmploi"": ""6203"", ""CodeDirection"": ""348""}",RULE,,CONFORME,FAIBLE,1.0,RULE_TERM_END conforme. Valeur attendue pour termEndDate: <VIDE>.,False,False
8142123,P,3.0,2.0,weeklyHoursOverride,HeuresNormeHebdo,40,40.0,40.0,40,40.0,DIRECT,EXACT_MATCH,51.0,,,,DIRECT,,CONFORME,FAIBLE,1.0,La valeur du système A correspond exactement à la valeur du système B.,False,False
8644330,P,19.0,18.0,assignmentEndDate,,,,,,,BUSINESS_RULE,RULE_MATCH,53.0,RULE_ASSIGNMENT_END,Date d'expiration poste,"{""DateEntréePoste"": ""2001-02-05"", ""DateSortiePoste"": null, ""adminUnitStart"": ""1987-08-19"", ""adminUnitEnd"": null, ""jobDetailRows"": [94, 95, 96, 97, 98], ""CodePoste"": ""67970"", ""CodeEmploi"": ""6031"", ""CodeDirection"": ""371""}",RULE,,CONFORME,FAIBLE,1.0,RULE_ASSIGNMENT_END conforme. Valeur attendue pour assignmentEndDate: <VIDE>.,False,False
8644330,P,19.0,18.0,contractTypeCode,,,,JWN,JWN,JWN,BUSINESS_RULE,RULE_MATCH,24.0,RULE_CONTRACT_TYPE,Type d'employé,"{""CatégorieEmploi"": ""V"", ""EstPermanent"": true, ""EstTempsPlein"": true}",RULE,,CONFORME,FAIBLE,1.0,RULE_CONTRACT_TYPE conforme. Valeur attendue pour contractTypeCode: 'JWN'.,False,False
8644330,P,19.0,18.0,dailyHoursOverride,HeuresNormeQuotidienne,8,8.0,8.0,8,8.0,DIRECT,EXACT_MATCH,52.0,,,,DIRECT,,CONFORME,FAIBLE,1.0,La valeur du système A correspond exactement à la valeur du système B.,False,False
8644330,P,19.0,18.0,detailedStatus,,,,Actif,Actif,Actif,BUSINESS_RULE,RULE_MATCH,23.0,RULE_DETAILED_STATUS,Situation d'emploi,"{""CodeSuspensionAccès"": ""01"", ""CodeRaisonStatut"": ""703"", ""DateRetourAnticipée"": NaN}",RULE,,CONFORME,FAIBLE,1.0,RULE_DETAILED_STATUS conforme. Valeur attendue pour detailedStatus: 'Actif'.,False,False
8644330,P,19.0,18.0,divisionCode,CodeImputation,2883,2883,2883,2883,2883,DIRECT,EXACT_MATCH,13.0,,,,DIRECT,,CONFORME,FAIBLE,1.0,La valeur du système A correspond exactement à la valeur du système B.,False,False
8644330,P,19.0,18.0,divisionId,CodeDirection,371,371,371,371,371,DIRECT,EXACT_MATCH,11.0,,,,DIRECT,,CONFORME,FAIBLE,1.0,La valeur du système A correspond exactement à la valeur du système B.,False,False
8644330,P,19.0,18.0,divisionName,,,,00371-UnitAdmin00371,00371-UnitAdmin00371,00371-UnitAdmin00371,BUSINESS_RULE,RULE_MATCH,12.0,RULE_DIVISION_NAME,Concaténation unité administrative,"{""CodeDirection"": ""371"", ""CodeDirectionFormatted"": ""00371"", ""LibelléDirection"": ""UnitAdmin00371""}",RULE,,CONFORME,FAIBLE,1.0,RULE_DIVISION_NAME conforme. Valeur attendue pour divisionName: '00371-UnitAdmin00371'.,False,False
8644330,P,19.0,18.0,expectedReturnDate,,,,,,,BUSINESS_RULE,RULE_MATCH,22.0,RULE_EXPECTED_RETURN,Date de retour prévue,"{""CodeSuspensionAccès"": ""01"", ""CodeRaisonStatut"": ""703"", ""DateRetourAnticipée"": NaN}",RULE,,CONFORME,FAIBLE,1.0,RULE_EXPECTED_RETURN conforme. Valeur attendue pour expectedReturnDate: <VIDE>.,False,False
8644330,P,19.0,18.0,givenName,PrénomUsuel,Pre8644330,Pre8644330,Pre8644330,Pre8644330,Pre8644330,DIRECT,EXACT_MATCH,2.0,,,,DIRECT,,CONFORME,FAIBLE,1.0,La valeur du système A correspond exactement à la valeur du système B.,False,False
8644330,P,19.0,18.0,isPrimaryAssignment,,,,True,true,True,BUSINESS_RULE,RULE_MATCH,41.0,RULE_PRIMARY_ASSIGNMENT,Type d'affectation P/A/S,"{""TypeAffectation"": ""P""}",RULE,,CONFORME,FAIBLE,1.0,RULE_PRIMARY_ASSIGNMENT conforme. Valeur attendue pour isPrimaryAssignment: True.,False,False
8644330,P,19.0,18.0,isTemporaryAssignment,,,,False,false,False,BUSINESS_RULE,RULE_MATCH,41.0,RULE_TEMP_ASSIGNMENT,Type d'affectation P/A/S,"{""TypeAffectation"": ""P""}",RULE,,CONFORME,FAIBLE,1.0,RULE_TEMP_ASSIGNMENT conforme. Valeur attendue pour isTemporaryAssignment: False.,False,False
8644330,P,19.0,18.0,payGradeId,ÉchelleSalariale,293,293,293,293,293,DIRECT,EXACT_MATCH,49.0,,,,DIRECT,,CONFORME,FAIBLE,1.0,La valeur du système A correspond exactement à la valeur du système B.,False,False
8644330,P,19.0,18.0,personId,Matricule,8644330,8644330,8644330,8644330,8644330,DIRECT,EXACT_MATCH,8.0,,,,DIRECT,,CONFORME,FAIBLE,1.0,La valeur du système A correspond exactement à la valeur du système B.,False,False
8644330,P,19.0,18.0,positionCode,CodeEmploi,6031,6031,6031,6031,6031,DIRECT,EXACT_MATCH,16.0,,,,DIRECT,,CONFORME,FAIBLE,1.0,La valeur du système A correspond exactement à la valeur du système B.,False,False
8644330,P,19.0,18.0,positionId,CodeEmploi,6031,6031,6031,6031,6031,DIRECT,EXACT_MATCH,14.0,,,,DIRECT,,CONFORME,FAIBLE,1.0,La valeur du système A correspond exactement à la valeur du système B.,False,False
8644330,P,19.0,18.0,siteCode,CodeSite,48,48,48,48,48,DIRECT,EXACT_MATCH,10.0,,,,DIRECT,,CONFORME,FAIBLE,1.0,La valeur du système A correspond exactement à la valeur du système B.,False,False
8644330,P,19.0,18.0,siteName,LibelléSite,Emplacement48,Emplacement48,Emplacement48,Emplacement48,Emplacement48,DIRECT,EXACT_MATCH,9.0,,,,DIRECT,,CONFORME,FAIBLE,1.0,La valeur du système A correspond exactement à la valeur du système B.,False,False
8644330,P,19.0,18.0,statusReasonCode,,,,,,,BUSINESS_RULE,RULE_MATCH,17.0,RULE_STATUS_REASON,Motif de situation d'emploi,"{""CodeSuspensionAccès"": ""01"", ""CodeRaisonStatut"": ""703"", ""DateRetourAnticipée"": NaN}",RULE,,CONFORME,FAIBLE,1.0,RULE_STATUS_REASON conforme. Valeur attendue pour statusReasonCode: <VIDE>.,False,False
8644330,P,19.0,18.0,surname,NomFamille,Nom8644330,Nom8644330,Nom8644330,Nom8644330,Nom8644330,DIRECT,EXACT_MATCH,3.0,,,,DIRECT,,CONFORME,FAIBLE,1.0,La valeur du système A correspond exactement à la valeur du système B.,False,False
8644330,P,19.0,18.0,termEndDate,,,,,,,BUSINESS_RULE,RULE_MATCH,56.0,RULE_TERM_END,Date d'effet du détail du poste,"{""DateEntréePoste"": ""2001-02-05"", ""DateSortiePoste"": null, ""adminUnitStart"": ""1987-08-19"", ""adminUnitEnd"": null, ""jobDetailRows"": [94, 95, 96, 97, 98], ""CodePoste"": ""67970"", ""CodeEmploi"": ""6031"", ""CodeDirection"": ""371""}",RULE,,CONFORME,FAIBLE,1.0,RULE_TERM_END conforme. Valeur attendue pour termEndDate: <VIDE>.,False,False
8644330,P,19.0,18.0,weeklyHoursOverride,HeuresNormeHebdo,40,40.0,40.0,40,40.0,DIRECT,EXACT_MATCH,51.0,,,,DIRECT,,CONFORME,FAIBLE,1.0,La valeur du système A correspond exactement à la valeur du système B.,False,False
9989151,P,2.0,1.0,assignmentEndDate,,,,,,,BUSINESS_RULE,RULE_MATCH,53.0,RULE_ASSIGNMENT_END,Date d'expiration poste,"{""DateEntréePoste"": ""2009-03-30"", ""DateSortiePoste"": null, ""adminUnitStart"": ""2003-06-18"", ""adminUnitEnd"": null, ""jobDetailRows"": [2, 3, 4, 5, 6, 7, 8], ""CodePoste"": ""31109"", ""CodeEmploi"": ""6203"", ""CodeDirection"": ""348""}",RULE,,CONFORME,FAIBLE,1.0,RULE_ASSIGNMENT_END conforme. Valeur attendue pour assignmentEndDate: <VIDE>.,False,False
9989151,P,2.0,1.0,contractTypeCode,,,,JWN,JWN,JWN,BUSINESS_RULE,RULE_MATCH,24.0,RULE_CONTRACT_TYPE,Type d'employé,"{""CatégorieEmploi"": ""V"", ""EstPermanent"": true, ""EstTempsPlein"": true}",RULE,,CONFORME,FAIBLE,1.0,RULE_CONTRACT_TYPE conforme. Valeur attendue pour contractTypeCode: 'JWN'.,False,False
9989151,P,2.0,1.0,dailyHoursOverride,HeuresNormeQuotidienne,8,8.0,8.0,8,8.0,DIRECT,EXACT_MATCH,52.0,,,,DIRECT,,CONFORME,FAIBLE,1.0,La valeur du système A correspond exactement à la valeur du système B.,False,False
9989151,P,2.0,1.0,detailedStatus,,,,Actif,Actif,Actif,BUSINESS_RULE,RULE_MATCH,23.0,RULE_DETAILED_STATUS,Situation d'emploi,"{""CodeSuspensionAccès"": ""01"", ""CodeRaisonStatut"": ""703"", ""DateRetourAnticipée"": NaN}",RULE,,CONFORME,FAIBLE,1.0,RULE_DETAILED_STATUS conforme. Valeur attendue pour detailedStatus: 'Actif'.,False,False
9989151,P,2.0,1.0,divisionCode,CodeImputation,2950,2950,2950,2950,2950,DIRECT,EXACT_MATCH,13.0,,,,DIRECT,,CONFORME,FAIBLE,1.0,La valeur du système A correspond exactement à la valeur du système B.,False,False
9989151,P,2.0,1.0,divisionId,CodeDirection,348,348,348,348,348,DIRECT,EXACT_MATCH,11.0,,,,DIRECT,,CONFORME,FAIBLE,1.0,La valeur du système A correspond exactement à la valeur du système B.,False,False
9989151,P,2.0,1.0,divisionName,,,,00348-UnitAdmin00348,00348-UnitAdmin00348,00348-UnitAdmin00348,BUSINESS_RULE,RULE_MATCH,12.0,RULE_DIVISION_NAME,Concaténation unité administrative,"{""CodeDirection"": ""348"", ""CodeDirectionFormatted"": ""00348"", ""LibelléDirection"": ""UnitAdmin00348""}",RULE,,CONFORME,FAIBLE,1.0,RULE_DIVISION_NAME conforme. Valeur attendue pour divisionName: '00348-UnitAdmin00348'.,False,False
9989151,P,2.0,1.0,expectedReturnDate,,,,,,,BUSINESS_RULE,RULE_MATCH,22.0,RULE_EXPECTED_RETURN,Date de retour prévue,"{""CodeSuspensionAccès"": ""01"", ""CodeRaisonStatut"": ""703"", ""DateRetourAnticipée"": NaN}",RULE,,CONFORME,FAIBLE,1.0,RULE_EXPECTED_RETURN conforme. Valeur attendue pour expectedReturnDate: <VIDE>.,False,False
9989151,P,2.0,1.0,givenName,PrénomUsuel,Pre9989151,Pre9989151,Pre9989151,Pre9989151,Pre9989151,DIRECT,EXACT_MATCH,2.0,,,,DIRECT,,CONFORME,FAIBLE,1.0,La valeur du système A correspond exactement à la valeur du système B.,False,False
9989151,P,2.0,1.0,isPrimaryAssignment,,,,True,true,True,BUSINESS_RULE,RULE_MATCH,41.0,RULE_PRIMARY_ASSIGNMENT,Type d'affectation P/A/S,"{""TypeAffectation"": ""P""}",RULE,,CONFORME,FAIBLE,1.0,RULE_PRIMARY_ASSIGNMENT conforme. Valeur attendue pour isPrimaryAssignment: True.,False,False
9989151,P,2.0,1.0,isTemporaryAssignment,,,,False,false,False,BUSINESS_RULE,RULE_MATCH,41.0,RULE_TEMP_ASSIGNMENT,Type d'affectation P/A/S,"{""TypeAffectation"": ""P""}",RULE,,CONFORME,FAIBLE,1.0,RULE_TEMP_ASSIGNMENT conforme. Valeur attendue pour isTemporaryAssignment: False.,False,False
9989151,P,2.0,1.0,payGradeId,ÉchelleSalariale,223,223,223,223,223,DIRECT,EXACT_MATCH,49.0,,,,DIRECT,,CONFORME,FAIBLE,1.0,La valeur du système A correspond exactement à la valeur du système B.,False,False
9989151,P,2.0,1.0,personId,Matricule,9989151,9989151,9989151,9989151,9989151,DIRECT,EXACT_MATCH,8.0,,,,DIRECT,,CONFORME,FAIBLE,1.0,La valeur du système A correspond exactement à la valeur du système B.,False,False
9989151,P,2.0,1.0,positionCode,CodeEmploi,6203,6203,6203,6203,6203,DIRECT,EXACT_MATCH,16.0,,,,DIRECT,,CONFORME,FAIBLE,1.0,La valeur du système A correspond exactement à la valeur du système B.,False,False
9989151,P,2.0,1.0,positionId,CodeEmploi,6203,6203,6203,6203,6203,DIRECT,EXACT_MATCH,14.0,,,,DIRECT,,CONFORME,FAIBLE,1.0,La valeur du système A correspond exactement à la valeur du système B.,False,False
9989151,P,2.0,1.0,siteCode,CodeSite,48,48,48,48,48,DIRECT,EXACT_MATCH,10.0,,,,DIRECT,,CONFORME,FAIBLE,1.0,La valeur du système A correspond exactement à la valeur du système B.,False,False
9989151,P,2.0,1.0,siteName,LibelléSite,Emplacement48,Emplacement48,Emplacement48,Emplacement48,Emplacement48,DIRECT,EXACT_MATCH,9.0,,,,DIRECT,,CONFORME,FAIBLE,1.0,La valeur du système A correspond exactement à la valeur du système B.,False,False
9989151,P,2.0,1.0,statusReasonCode,,,,,,,BUSINESS_RULE,RULE_MATCH,17.0,RULE_STATUS_REASON,Motif de situation d'emploi,"{""CodeSuspensionAccès"": ""01"", ""CodeRaisonStatut"": ""703"", ""DateRetourAnticipée"": NaN}",RULE,,CONFORME,FAIBLE,1.0,RULE_STATUS_REASON conforme. Valeur attendue pour statusReasonCode: <VIDE>.,False,False
9989151,P,2.0,1.0,surname,NomFamille,Nom9989151,Nom9989151,Nom9989151,Nom9989151,Nom9989151,DIRECT,EXACT_MATCH,3.0,,,,DIRECT,,CONFORME,FAIBLE,1.0,La valeur du système A correspond exactement à la valeur du système B.,False,False
9989151,P,2.0,1.0,termEndDate,,,,,,,BUSINESS_RULE,RULE_MATCH,56.0,RULE_TERM_END,Date d'effet du détail du poste,"{""DateEntréePoste"": ""2009-03-30"", ""DateSortiePoste"": null, ""adminUnitStart"": ""2003-06-18"", ""adminUnitEnd"": null, ""jobDetailRows"": [2, 3, 4, 5, 6, 7, 8], ""CodePoste"": ""31109"", ""CodeEmploi"": ""6203"", ""CodeDirection"": ""348""}",RULE,,CONFORME,FAIBLE,1.0,RULE_TERM_END conforme. Valeur attendue pour termEndDate: <VIDE>.,False,False
9989151,P,2.0,1.0,weeklyHoursOverride,HeuresNormeHebdo,40,40.0,40.0,40,40.0,DIRECT,EXACT_MATCH,51.0,,,,DIRECT,,CONFORME,FAIBLE,1.0,La valeur du système A correspond exactement à la valeur du système B.,False,False
